Frame Number,Timecode,adaptive_ratio (w=2),content_val,delta_edges,delta_hue,delta_lum,delta_sat
2,00:00:00.042,None,0.0,0.0,0.0,0.0,0.0
3,00:00:00.083,0.0,0.0,0.0,0.0,0.0,0.0
4,00:00:00.125,0.0,0.0,0.0,0.0,0.0,0.0
5,00:00:00.167,0.0,0.0,0.0,0.0,0.0,0.0
6,00:00:00.209,0.0,0.0,0.0,0.0,0.0,0.0
7,00:00:00.250,0.0,0.0,0.0,0.0,0.0,0.0
8,00:00:00.292,0.0,0.0,0.0,0.0,0.0,0.0
9,00:00:00.334,0.0,0.0,0.0,0.0,0.0,0.0
10,00:00:00.375,0.0,0.0,0.0,0.0,0.0,0.0
11,00:00:00.417,0.0,0.0,0.0,0.0,0.0,0.0
12,00:00:00.459,0.0,0.0,0.0,0.0,0.0,0.0
13,00:00:00.500,0.0,0.0,0.0,0.0,0.0,0.0
14,00:00:00.542,0.0,0.0,0.0,0.0,0.0,0.0
15,00:00:00.584,0.0,0.0,0.0,0.0,0.0,0.0
16,00:00:00.626,0.0,0.0,0.0,0.0,0.0,0.0
17,00:00:00.667,0.0,0.0,0.0,0.0,0.0,0.0
18,00:00:00.709,0.0,0.0,0.0,0.0,0.0,0.0
19,00:00:00.751,0.0,0.0,0.0,0.0,0.0,0.0
20,00:00:00.792,0.0,0.0,0.0,0.0,0.0,0.0
21,00:00:00.834,0.0,0.0,0.0,0.0,0.0,0.0
22,00:00:00.876,0.0,0.0,0.0,0.0,0.0,0.0
23,00:00:00.917,0.0,0.0,0.0,0.0,0.0,0.0
24,00:00:00.959,0.0,0.0,0.0,0.0,0.0,0.0
25,00:00:01.001,0.0,0.0,0.0,0.0,0.0,0.0
26,00:00:01.043,0.0,0.0,0.0,0.0,0.0,0.0
27,00:00:01.084,0.0,0.0,0.0,0.0,0.0,0.0
28,00:00:01.126,0.0,0.0,0.0,0.0,0.0,0.0
29,00:00:01.168,0.0,0.0,0.0,0.0,0.0,0.0
30,00:00:01.209,0.0,0.0,0.0,0.0,0.0,0.0
31,00:00:01.251,0.0,0.0,0.0,0.0,0.0,0.0
32,00:00:01.293,0.0,0.0,0.0,0.0,0.0,0.0
33,00:00:01.334,0.0,0.0,0.0,0.0,0.0,0.0
34,00:00:01.376,0.0,0.0,0.0,0.0,0.0,0.0
35,00:00:01.418,0.0,0.0,0.0,0.0,0.0,0.0
36,00:00:01.460,0.0,0.0,0.0,0.0,0.0,0.0
37,00:00:01.501,0.0,0.0,0.0,0.0,0.0,0.0
38,00:00:01.543,0.0,0.0,0.0,0.0,0.0,0.0
39,00:00:01.585,0.0,0.0,0.0,0.0,0.0,0.0
40,00:00:01.626,0.0,0.0,0.0,0.0,0.0,0.0
41,00:00:01.668,0.0,0.0,0.0,0.0,0.0,0.0
42,00:00:01.710,0.0,0.0,0.0,0.0,0.0,0.0
43,00:00:01.751,0.0,0.0,0.0,0.0,0.0,0.0
44,00:00:01.793,0.0,0.0,0.0,0.0,0.0,0.0
45,00:00:01.835,0.0,0.0,0.0,0.0,0.0,0.0
46,00:00:01.877,0.0,0.0,0.0,0.0,0.0,0.0
47,00:00:01.918,0.0,0.0,0.0,0.0,0.0,0.0
48,00:00:01.960,0.0,0.0,0.0,0.0,0.0,0.0
49,00:00:02.002,0.0,0.0,0.0,0.0,0.0,0.0
50,00:00:02.043,0.0,0.0,0.0,0.0,0.0,0.0
51,00:00:02.085,0.0,0.0,0.0,0.0,0.0,0.0
52,00:00:02.127,0.0,0.0,0.0,0.0,0.0,0.0
53,00:00:02.168,0.0,0.0,0.0,0.0,0.0,0.0
54,00:00:02.210,0.0,0.0,0.0,0.0,0.0,0.0
55,00:00:02.252,0.0,0.0,0.0,0.0,0.0,0.0
56,00:00:02.294,0.0,0.0,0.0,0.0,0.0,0.0
57,00:00:02.335,0.0,0.0,0.0,0.0,0.0,0.0
58,00:00:02.377,0.0,0.0,0.0,0.0,0.0,0.0
59,00:00:02.419,0.0,0.0,0.0,0.0,0.0,0.0
60,00:00:02.460,0.0,0.0,0.0,0.0,0.0,0.0
61,00:00:02.502,0.0,0.0,0.0,0.0,0.0,0.0
62,00:00:02.544,0.0,0.0,0.0,0.0,0.0,0.0
63,00:00:02.585,0.0,0.0,0.0,0.0,0.0,0.0
64,00:00:02.627,0.0,0.0,0.0,0.0,0.0,0.0
65,00:00:02.669,0.0,0.0,0.0,0.0,0.0,0.0
66,00:00:02.711,0.0,0.0,0.0,0.0,0.0,0.0
67,00:00:02.752,0.0,0.0,0.0,0.0,0.0,0.0
68,00:00:02.794,0.0,0.0,0.0,0.0,0.0,0.0
69,00:00:02.836,0.0,0.0,0.0,0.0,0.0,0.0
70,00:00:02.877,0.0,0.0,0.0,0.0,0.0,0.0
71,00:00:02.919,0.0,0.0,0.0,0.0,0.0,0.0
72,00:00:02.961,0.0,0.0,0.0,0.0,0.0,0.0
73,00:00:03.003,0.007686310153183358,0.14602803738317757,2.6252190420560746,0.12813960280373832,0.0027380257009345793,0.3072064836448598
74,00:00:03.044,1.6113778308952278,32.223605432242984,87.47937353971963,30.91165303738318,0.6983060747663551,65.06085718457943
75,00:00:03.086,1.8411165979036725,43.77022488317757,122.3519640771028,41.397597838785046,1.3984009929906542,88.51467581775701
76,00:00:03.128,1.167622974791475,36.07393886292835,71.56049211448598,30.96812938084112,1.4427570093457944,75.81093019859813
77,00:00:03.169,0.888496364335989,26.651382398753896,79.24996349299066,18.41910046728972,1.9593676985981308,59.575679030373834
78,00:00:03.211,0.8504175095742355,20.935565128504674,74.43706191588785,11.289573598130842,2.2275846962616823,49.289537091121495
79,00:00:03.253,0.988262037255198,19.204475759345794,73.49682389018692,8.42760660046729,2.73828125,46.44753942757009
80,00:00:03.294,1.006799803878873,16.542141257788163,68.28362295560747,8.251934871495328,3.0104410046728973,38.364047897196265
81,00:00:03.336,0.9261786955192293,13.601209598909657,51.48035922897196,6.780045268691588,3.477913259345794,30.545670268691588
82,00:00:03.378,0.9584165779764915,11.98042007398754,47.84042786214953,6.387777453271028,3.9039135514018692,25.64956921728972
83,00:00:03.420,1.0060221345121214,11.014152550623052,41.826628212616825,6.439215829439252,4.436587324766355,22.16665449766355
84,00:00:03.461,0.8716978348316163,8.843384929906541,36.47378796728972,4.051949474299065,5.191004672897196,17.287200642523363
85,00:00:03.503,1.0438789336708907,9.367868964174454,32.303227219626166,5.336850175233645,6.278000876168225,16.488755841121495
86,00:00:03.545,0.95669722769037,8.217606113707165,29.947977511682243,3.5999196845794392,6.736674941588785,14.31622371495327
87,00:00:03.586,0.920312241585579,7.82123734423676,29.296327394859812,3.2799722546728973,7.747188960280374,12.43655081775701
88,00:00:03.628,1.0230432042322757,8.325739875389408,30.944071261682243,4.280264310747664,8.778950058411215,11.918005257009346
89,00:00:03.670,0.9982633291926771,8.082627531152648,30.57169976635514,3.746495327102804,9.441953855140186,11.059433411214954
90,00:00:03.711,1.0644850174858413,8.431366822429906,24.986127336448597,4.120108060747664,10.277745327102803,10.896247079439252
91,00:00:03.753,1.0008871536639838,7.808411214953272,24.315858644859812,3.280045268691589,10.362989193925234,9.78219918224299
92,00:00:03.795,0.9697031484684423,7.465646904205607,26.3545925817757,3.0239120911214954,10.254490362149532,9.118538259345794
93,00:00:03.837,0.9695029344430843,7.226319119937695,27.136572721962615,2.767596378504673,10.303920852803738,8.607440128504672
94,00:00:03.878,1.0043793989405232,7.329500097352025,25.29333382009346,2.8580972546728973,10.504928446261681,8.625474591121495
95,00:00:03.920,0.9923194209883354,7.210974007009345,24.613755841121495,2.832980432242991,10.40493574766355,8.395005841121495
96,00:00:03.962,0.9992228442897829,7.287224980529596,26.680417640186917,2.8877409462616823,10.445823598130842,8.528110397196262
97,00:00:04.003,0.9935934638351431,7.224104361370717,26.866603387850468,2.8700715537383177,10.355833820093459,8.446407710280374
98,00:00:04.045,1.0250016734580294,7.406992309190031,29.08221378504673,2.958126460280374,10.520370911214954,8.742479556074766
99,00:00:04.087,0.9892035263169812,7.177545755451713,27.09002628504673,2.8873028621495327,10.245984228971963,8.399350175233645
100,00:00:04.128,1.0008387916674402,7.216413551401868,26.04738609813084,2.931439836448598,10.249963492990654,8.467837324766355
101,00:00:04.170,1.0069846360206745,7.176024630062305,27.4344699182243,2.794903621495327,10.287091121495328,8.446079147196262
102,00:00:04.212,0.9947427602367874,7.08089953271028,29.864193925233646,2.8532418224299065,9.913076810747663,8.47637996495327
103,00:00:04.254,0.9954488690234906,7.030142620716511,32.60112441588785,2.809652453271028,10.052497079439252,8.228278329439252
104,00:00:04.295,1.0039067356211206,7.0507082359813085,28.523656542056074,2.852657710280374,9.965610397196262,8.33385660046729
105,00:00:04.337,0.9918364862985117,6.941503602024922,28.951883761682243,2.8034097546728973,9.811842873831775,8.209258177570094
106,00:00:04.379,1.0237462022886246,7.040534949376948,29.938668224299064,2.9368793808411215,9.8671875,8.31753796728972
107,00:00:04.420,1.0081324902019668,6.8731624805295946,29.4266574182243,2.8051255841121496,9.647196261682243,8.167165595794392
108,00:00:04.462,0.9666555117029734,6.643533391744548,26.47561331775701,2.804541471962617,9.245071553738319,7.88098714953271
109,00:00:04.504,0.98127155747507,6.6452978971962615,24.3624050817757,2.8572941004672896,9.210024824766355,7.86857476635514
110,00:00:04.545,1.0333917339074519,6.931804906542055,26.149788259345794,3.0798043224299065,9.544209988317757,8.171400408878505
111,00:00:04.587,0.9564438134176456,6.640016549844237,26.792129088785046,2.87248101635514,9.4609375,7.58663113317757
112,00:00:04.629,0.9778177721578779,6.902428933021807,35.06808557242991,2.932936623831776,10.102621203271028,7.671728971962617
113,00:00:04.671,1.039466549602784,7.290072527258567,36.55757155373832,3.0969261098130842,10.887959988317757,7.88533148364486
114,00:00:04.712,1.0178076318902274,7.374160338785046,35.524240654205606,3.4725832359813085,10.945933119158878,7.703964661214953
115,00:00:04.754,0.9535532786518737,7.136524045950156,33.82064106308411,3.3091778621495327,10.932571553738319,7.167822721962617
116,00:00:04.796,1.0255409479647735,7.651540595794393,31.67950496495327,3.6082432827102804,11.833016939252337,7.513361565420561
117,00:00:04.837,1.0116810719623983,7.620777355919003,35.338054906542055,3.7581045560747666,11.889967873831775,7.214259637850467
118,00:00:04.879,0.8682115215815177,7.712458625389407,34.36057973130841,3.8746714369158877,12.210134345794392,7.052570093457944
119,00:00:04.921,0.7086124596566408,7.630622079439252,33.02935163551402,3.7653694509345796,12.239376460280374,6.887120327102804
120,00:00:04.962,1.0604357990330109,12.629685066199377,51.67585426401869,4.909681658878505,21.627117406542055,11.35225613317757
121,00:00:05.004,1.113538092004422,15.110677083333334,59.60736711448598,5.5396831191588785,24.891537675233646,14.900810455607477
122,00:00:05.046,1.0742439956840502,17.185845015576323,59.28154205607477,6.18819363317757,28.979994158878505,16.3893472546729
123,00:00:05.088,0.939284048909275,16.83372274143302,65.07191880841121,6.172824182242991,29.310455607476637,15.01788843457944
124,00:00:05.129,0.9698381581198543,19.418248637071652,73.76679322429906,6.276321553738318,35.151248539719624,16.82717581775701
125,00:00:05.171,0.9318896677145585,19.972692757009344,74.40913405373831,6.6836667640186915,33.37540157710281,19.85900992990654
126,00:00:05.213,1.2158968540104653,26.096354166666668,83.91391647196262,8.04946699766355,45.7565347546729,24.48306074766355
127,00:00:05.254,1.0188903465837442,23.3815347546729,68.26500438084112,8.078964661214954,39.15000730140187,22.915632301401867
128,00:00:05.296,0.9859662854477268,23.078076323987535,73.81333966121495,7.749890478971962,40.52694217289719,20.95739632009346
129,00:00:05.338,1.0070454509786733,22.645030179127726,79.37098422897196,8.67092581775701,38.10247517523364,21.161689544392523
130,00:00:05.379,0.9614164311035289,21.50330996884735,78.71933411214954,10.242735105140186,32.73798919392523,21.529205607476637
131,00:00:05.421,0.9974118027371591,21.983486662772588,71.39292494158879,11.129453855140186,31.29888288551402,23.52212324766355
132,00:00:05.463,0.9619024486422091,21.7585304711838,66.01215683411215,11.174320969626168,31.052752628504674,23.04851781542056
133,00:00:05.505,0.9559232573923601,22.255257009345794,77.37879672897196,9.883871203271028,33.71422313084112,23.167676693925234
134,00:00:05.546,1.0787544667487639,24.739181756230526,74.0833089953271,10.07907418224299,38.11594626168224,26.022524824766354
135,00:00:05.588,1.088589863395931,24.644506911993773,68.1905300817757,10.01726781542056,36.542494158878505,27.373758761682243
136,00:00:05.630,1.0294815759322862,23.074097059968846,64.15960864485982,9.333966121495328,34.5885660046729,25.299759053738317
137,00:00:05.671,0.9295526847185143,20.48717387071651,67.76230286214954,7.906724591121495,33.59791179906542,19.956885221962615
138,00:00:05.713,0.9408244256607526,19.78240605529595,57.8572210864486,6.864339953271028,33.29654643691589,19.186331775700936
139,00:00:05.755,1.0468181486036632,20.658270054517136,53.193268107476634,6.77595648364486,36.02635806074766,19.17249561915888
140,00:00:05.796,1.027509888058206,19.887144665109034,57.80136536214953,6.715829439252336,34.56753796728972,18.378066588785046
141,00:00:05.838,0.9746422774380795,18.78065371884735,56.069837908878505,6.578161507009346,33.39168370327103,16.372115946261683
142,00:00:05.880,0.9947375983332734,18.1974664135514,60.119377920560744,6.134747371495327,33.01880110981308,15.438850759345794
143,00:00:05.922,1.0676690690332111,18.33423383956386,56.77734375,5.508031542056075,34.888836156542055,14.605833820093459
144,00:00:05.963,0.9682750184462392,16.172909365264797,61.60886390186916,5.471597546728972,30.005074474299064,13.042056074766355
145,00:00:06.005,0.9966502110839258,15.537796923676012,58.32268545560748,5.667822721962617,29.44644421728972,11.499123831775702
146,00:00:06.047,1.0231009667559918,14.74172507788162,60.100759345794394,5.734886098130841,28.114632009345794,10.375657126168225
147,00:00:06.088,0.9431489917469966,13.111212519470405,54.87824912383178,5.987405081775701,23.80797313084112,9.538259345794392
148,00:00:06.130,0.9808237182569746,12.813546534267914,53.11879380841121,6.153402453271028,23.610616238317757,8.676620911214954
149,00:00:06.172,1.0013833548473172,12.513045171339563,57.01007593457944,6.433557242990654,22.74080023364486,8.364778037383177
150,00:00:06.214,0.9583017853850286,11.89028426791277,47.97075788551402,6.095100759345795,21.642669392523363,7.933082651869159
151,00:00:06.255,0.9910304301329977,12.167993088006233,46.49058119158879,6.068596670560748,22.56217143691589,7.873211156542056
152,00:00:06.297,0.9863282355870375,12.136061623831774,42.701701226635514,5.839004088785047,22.826518691588785,7.742662091121495
153,00:00:06.339,0.9944282749885465,12.573099201713395,49.66504818925234,6.161360981308412,23.307608060747665,8.250328563084112
154,00:00:06.380,1.0501040969154722,12.585754964953273,44.71250730140187,6.345538843457944,23.478278329439252,7.933447721962617
155,00:00:06.422,1.2371959618541322,13.684372566199377,48.74342873831776,7.04410046728972,25.06198890186916,8.947028329439252
156,00:00:06.464,0.8315009114417738,9.547446943146419,32.73145443925234,5.46666910046729,16.467180198598133,6.7084915303738315
157,00:00:06.505,0.8471764227066625,9.536884248442368,35.7755914135514,4.791983060747664,16.385623539719628,7.433046144859813
158,00:00:06.547,0.9709980519054116,10.121726538161994,24.21345648364486,4.554943049065421,17.35678300233645,8.453453563084112
159,00:00:06.589,1.153734113075431,11.675489193925236,36.52964369158879,4.278073890186916,20.578198014018692,10.170195677570094
160,00:00:06.631,1.0677985786741717,10.936356113707165,36.799613025700936,4.197941004672897,19.26372663551402,9.34740070093458
161,00:00:06.672,0.9611866627654025,9.88399289330218,35.505622079439256,3.9537456191588785,16.883031542056074,8.81520151869159
162,00:00:06.714,0.9206770500307639,9.286653037383177,34.67709550233645,3.757155373831776,15.771904205607477,8.33089953271028
163,00:00:06.756,0.8742609694513879,9.233961253894082,39.35966705607477,5.314799941588785,14.712799357476635,7.674284462616822
164,00:00:06.797,0.9301310547889844,10.292749707943925,44.98247663551402,5.255622079439252,17.148656542056074,8.47397050233645
165,00:00:06.839,1.1196035647204572,12.784681658878505,52.34612295560748,5.767523364485982,21.882228387850468,10.704293224299066
166,00:00:06.881,1.053350508899088,12.958357671339565,47.83111857476636,6.3920852803738315,19.91997663551402,12.563011098130842
167,00:00:06.922,1.0056299886305493,13.190676109813083,51.3407199182243,5.634929906542056,19.410046728971963,14.527051693925234
168,00:00:06.964,0.9652831629115782,12.940043321651089,40.98879234813084,5.16336886682243,18.249087324766354,15.407673773364486
169,00:00:07.006,1.009776773805048,13.784231405763242,38.36357330607477,5.101270443925234,19.10137996495327,17.150043808411215
170,00:00:07.048,0.9908336884246827,13.688485689252337,33.07589807242991,5.536105432242991,17.253103095794394,18.276248539719628
171,00:00:07.089,1.1020301809208848,14.783878504672899,44.4518472546729,5.220246787383178,19.551985981308412,19.5794027453271
172,00:00:07.131,1.0738794503417546,13.752324279595015,38.63354264018692,4.823379088785047,19.164464077102803,17.269129672897197
173,00:00:07.173,1.025950761997581,12.435479945482866,44.191187207943926,4.835754964953271,17.594954731308412,14.875730140186915
174,00:00:07.214,0.8999777874082469,10.316990362149532,53.29567026869159,4.254891939252336,15.09053738317757,11.605541764018692
175,00:00:07.256,0.8857348550368398,9.630536896417444,49.75814106308411,3.9739705023364484,14.369085864485982,10.548554322429906
176,00:00:07.298,0.98064891258821,10.036081094236762,58.27613901869159,4.09696261682243,15.329110689252337,10.682169976635514
177,00:00:07.339,1.056658696579971,10.703185845015577,67.91125146028037,4.234375,17.043625876168225,10.831556658878505
178,00:00:07.381,0.9067276126397813,10.285776869158878,64.6250730140187,4.068961740654205,16.75573160046729,10.03263726635514
179,00:00:07.423,0.8722707785546567,10.564702589563863,61.0130695093458,4.323269567757009,18.02690566588785,9.34393253504673
180,00:00:07.465,1.223088474722471,14.071407710280374,76.74576518691589,5.359521028037383,26.430089077102803,10.424613025700934
181,00:00:07.506,1.1354257571777513,13.386524045950155,75.11663989485982,5.46024386682243,25.586010514018692,9.113317757009346
182,00:00:07.548,0.9796815186890414,11.782260027258568,73.14307096962617,5.202139310747664,22.891026577102803,7.253614193925234
183,00:00:07.590,0.9724540289941934,10.741116627725857,81.73554322429906,5.688339661214953,20.169903621495326,6.36510660046729
184,00:00:07.631,0.9772728022948363,9.907442562305297,80.26467581775701,5.787711740654205,18.125,5.809615946261682
185,00:00:07.673,0.9532177599763554,9.10526187694704,74.6232476635514,4.942355432242991,16.850321261682243,5.523108936915888
186,00:00:07.715,0.9862358127118235,8.922751168224298,75.75898072429906,4.971049941588785,16.348751460280372,5.4484521028037385
187,00:00:07.756,0.9775578407762926,8.637217679127726,72.57520443925233,4.662894275700935,15.810601635514018,5.438157126168225
188,00:00:07.798,0.9747159230997354,8.539196359034268,71.8863171728972,4.711448598130841,15.243684287383177,5.662456191588785
189,00:00:07.840,1.0153239387436708,8.774812597352025,71.74667786214954,4.867224007009346,15.426657418224298,6.03055636682243
190,00:00:07.882,1.0026762657265642,8.708029108255452,73.2547824182243,4.798517815420561,15.053227219626168,6.272342289719626
191,00:00:07.923,0.9855520154715746,8.685066199376946,71.37430636682242,4.945677570093458,14.619158878504672,6.49036214953271
192,00:00:07.965,0.9767844641787964,8.740070093457945,72.4634929906542,4.7993209696261685,14.73072429906542,6.690165011682243
193,00:00:08.007,0.9879149813477314,9.026637947819315,68.99112879672897,4.525335864485982,15.27186769859813,7.2827102803738315
194,00:00:08.048,0.99247565073668,9.371458820093459,64.35510367990655,4.299722546728972,15.894421728971963,7.920232184579439
195,00:00:08.090,0.9894871367450129,9.75164281542056,66.74759053738318,4.163624415887851,16.663332359813083,8.427971670560748
196,00:00:08.132,1.0015350993861682,10.251679322429908,64.6623101635514,4.49331921728972,16.849518107476637,9.412200642523365
197,00:00:08.173,1.0283349893566254,10.771222741433021,62.80045268691589,4.7951226635514015,17.14095356308411,10.37759199766355
198,00:00:08.215,1.0405388758026728,11.049540011682245,68.15329293224299,4.895735981308412,17.433666764018692,10.819217289719626
199,00:00:08.257,1.0072128887155924,10.84485737928349,59.3932535046729,4.738463785046729,16.55078125,11.245327102803738
200,00:00:08.299,0.9784974599233598,10.608462324766355,54.82239339953271,4.632849007009346,15.568304614485982,11.624233352803738
201,00:00:08.340,0.9880786866015399,10.639554127725857,47.98006717289719,4.5320166471962615,14.865289135514018,12.52135660046729
202,00:00:08.382,1.0348401564649319,10.832384151090343,44.600795852803735,4.581666179906542,14.191917348130842,13.723568925233645
203,00:00:08.424,1.055984140264303,10.785983742211839,44.75905373831776,4.52665011682243,13.523985105140186,14.307316004672897
204,00:00:08.465,0.9606472093848926,9.836752823208721,41.18428738317757,3.8909170560747666,12.12525554906542,13.494085864485982
205,00:00:08.507,0.9399324230025343,9.547921534267912,37.255768107476634,4.063595210280374,11.408038843457945,13.17213054906542
206,00:00:08.549,0.988882788952404,9.792567172897195,37.78639748831776,4.283805490654205,11.451153621495328,13.642742406542055
207,00:00:08.590,1.0401572132739294,10.217070677570092,36.92063376168224,4.618027161214953,11.662310163551401,14.370874707943925
208,00:00:08.632,0.993061464611417,10.008883372274143,33.96028037383178,4.562938084112149,11.523912091121495,13.939799941588785
209,00:00:08.674,0.9761737398807031,9.941114193925234,33.07589807242991,4.539391063084112,11.356344918224298,13.92760660046729
210,00:00:08.716,1.0433528843939417,10.364510319314642,31.22334988317757,5.115982768691588,11.588310455607477,14.38923773364486
211,00:00:08.757,1.018299771791081,10.144555588006229,30.65548335280374,5.044976635514018,11.286653037383177,14.102037091121495
212,00:00:08.799,0.958783884362032,9.640844042056075,30.86959696261682,4.592070677570093,11.232367114485982,13.09809433411215
213,00:00:08.841,0.9994973342131774,9.902526285046727,33.969589661214954,4.747408002336448,11.240435163551401,13.719735689252337
214,00:00:08.882,0.985418451299131,9.80954293224299,34.36057973130841,4.90234375,11.010441004672897,13.515844042056075
215,00:00:08.924,1.0038635043247208,10.03508323598131,35.84075642523364,4.947210864485982,11.26657418224299,13.891464661214954
216,00:00:08.966,1.0317123647081325,10.24033781152648,40.14164719626168,5.046838492990654,11.611054322429906,14.063120619158878
217,00:00:09.008,0.9989556199038006,10.033440420560746,41.128431658878505,5.094151577102804,11.25901723130841,13.747152453271028
218,00:00:09.049,0.9688481819905578,9.824230919003115,38.559068341121495,4.798736857476635,11.50938230140187,13.164573598130842
219,00:00:09.091,1.0101356863814355,10.07606843847352,38.61492406542056,5.149642231308412,11.164646612149532,13.913916471962617
220,00:00:09.133,1.0217111503743743,10.210608936915888,40.430235105140184,5.213346962616822,11.227803738317757,14.190676109813085
221,00:00:09.174,0.9685684597247517,9.831580996884734,37.63744889018692,4.922240070093458,11.153365946261681,13.419136974299066
222,00:00:09.216,1.0102655799853149,10.242662091121495,40.486090829439256,5.170816296728972,11.546035338785046,14.011134637850468
223,00:00:09.258,0.9869426886388931,10.073184384735201,36.9392523364486,4.796911507009346,11.647816880841122,13.77482476635514
224,00:00:09.299,1.012968058097656,10.438960280373832,36.02694217289719,4.961777161214953,11.887266355140186,14.467837324766355
225,00:00:09.341,0.9907903563114074,10.312609521028037,35.98039573598131,4.967253212616822,11.71484375,14.25573160046729
226,00:00:09.383,1.0208479193713138,10.59282515576324,35.570787091121495,5.164865654205608,12.063850759345794,14.549759053738319
227,00:00:09.425,1.018966139590646,10.528901382398754,35.868684287383175,5.080534462616822,12.063339661214954,14.442830023364486
228,00:00:09.466,0.9898356236433141,10.225515965732088,31.744669976635514,4.959659754672897,11.997554030373832,13.719334112149532
229,00:00:09.508,1.0008459211615803,10.200752044392523,33.59721816588785,4.932717581775701,11.985835280373832,13.683703271028037
230,00:00:09.550,0.9950467264256327,9.999598422897197,31.279205607476637,4.593202394859813,12.079913843457945,13.325679030373832
231,00:00:09.591,1.0148828361648632,10.014505451713395,30.581009053738317,4.614376460280374,12.037821261682243,13.39131863317757
232,00:00:09.633,1.006082466691366,9.756729458722742,28.151285046728972,4.408038843457944,11.976160922897197,12.885988609813085
233,00:00:09.675,1.0022088072825264,9.513507593457945,26.69903621495327,4.48368136682243,11.46849445093458,12.588346962616823
234,00:00:09.716,0.9951040643684322,9.263361565420562,29.529059579439252,4.32213785046729,11.53647050233645,11.931476343457945
235,00:00:09.758,0.9809458795113767,8.935565128504672,25.414354556074766,4.051766939252336,11.174613025700934,11.580315420560748
236,00:00:09.800,1.0283606610766227,9.029947916666666,26.140478971962615,4.39913113317757,10.968713492990654,11.721999123831775
237,00:00:09.842,1.0089193016076936,8.629709404205608,25.833272488317757,4.174211448598131,10.656469042056075,11.058447721962617
238,00:00:09.883,0.9866227718641455,8.29502531152648,25.59123101635514,3.866822429906542,10.31596816588785,10.702285338785046
239,00:00:09.925,0.9819438012033961,7.953137169003116,23.3663113317757,3.748795268691589,9.879964953271028,10.23065128504673
240,00:00:09.967,1.0199012484432195,8.017182632398756,25.55399386682243,3.8864632009345796,9.862697137850468,10.302387558411215
241,00:00:10.008,0.9638489014813935,7.455607476635514,19.288843457943926,3.584696261682243,9.271137558411215,9.510988609813085
242,00:00:10.050,1.0287327689117358,7.73920609423676,21.243793808411215,3.977475175233645,9.270955023364486,9.96918808411215
243,00:00:10.092,0.9918151533156639,7.231454439252336,17.93899678738318,3.7039281542056073,8.82856308411215,9.161872079439252
244,00:00:10.133,1.0479657980828527,7.387947819314642,19.167822721962615,3.8290011682242993,8.78011828271028,9.554724007009346
245,00:00:10.175,0.9577547093049252,6.581763531931465,16.4774386682243,3.1490581191588785,8.33688668224299,8.259345794392523
246,00:00:10.217,1.024879654673883,6.646770346573208,19.11196699766355,3.2305417640186915,8.38186331775701,8.327905957943925
247,00:00:10.259,1.0046448935643466,6.222132982866043,16.198160046728972,2.774350175233645,8.136828271028037,7.755220502336448
248,00:00:10.300,0.9423098304479689,5.749817464953271,18.097254672897197,2.5391355140186915,7.601927570093458,7.108389310747664
249,00:00:10.342,1.0125242250894855,5.795110494548287,12.75372371495327,2.70173773364486,7.318414135514018,7.365179614485982
250,00:00:10.384,1.0495944456088988,5.743319217289719,16.93359375,2.6991092289719627,7.204986857476635,7.325861565420561
251,00:00:10.425,0.9416841347055496,5.178446261682243,14.14080753504673,2.091742114485981,6.975686331775701,6.467910338785047
252,00:00:10.467,0.9766846175089753,5.164391063084111,12.008980724299066,2.1881206191588785,6.792238609813084,6.512813960280374
253,00:00:10.509,1.0548316483926836,5.293711059190031,12.381352219626168,2.588931074766355,6.6577102803738315,6.634491822429907
254,00:00:10.550,0.990610672665675,4.935224396417445,12.520991530373832,2.199583820093458,6.416070385514018,6.19001898364486
255,00:00:10.592,0.9881707246747449,4.796084014797508,14.690055490654206,2.172422605140187,6.184579439252336,6.03125
256,00:00:10.634,0.9822890478540974,4.673822040498442,9.99817464953271,2.028767523364486,6.082140771028038,5.910557827102804
257,00:00:10.676,0.9604314123755143,4.51123198987539,12.437207943925234,1.9741530373831775,5.919684579439252,5.6398583528037385
258,00:00:10.717,1.0766832022386619,4.7898291471962615,14.606271904205608,2.2561696845794392,6.055709696261682,6.057608060747664
259,00:00:10.759,1.034241116992857,4.528621495327103,13.721889602803738,2.0803519275700935,5.741128796728972,5.764383761682243
260,00:00:10.801,0.9266604818749452,4.081082067757009,9.420998831775702,1.6751241238317758,5.5255914135514015,5.042530665887851
261,00:00:10.842,0.9940128348663463,4.132617795950156,9.92370035046729,1.758542640186916,5.463054906542056,5.176255841121495
262,00:00:10.884,1.055535724886342,4.165230724299065,10.984959112149532,1.9260367990654206,5.173590829439252,5.396064544392523
263,00:00:10.926,0.9840012859229487,3.855103679906542,13.861528913551401,1.71553738317757,5.074036214953271,4.775737441588785
264,00:00:10.967,0.9597886325557419,3.715525214174455,9.45823598130841,1.6270443925233644,4.795597254672897,4.723933995327103
265,00:00:11.009,1.0051304858871928,3.6577589563862927,11.664537091121495,1.6580753504672898,4.556914427570093,4.758287091121495
266,00:00:11.051,1.0997219204713642,3.806671047507788,12.56753796728972,1.875547605140187,4.543552862149533,5.000912675233645
267,00:00:11.093,0.9122549712870959,3.179054711838006,9.905081775700934,1.3424357476635513,4.205863025700935,3.9888653621495327
268,00:00:11.134,0.975438786175082,3.293601538161994,8.517997955607477,1.450277453271028,4.248795268691588,4.181731892523365
269,00:00:11.176,0.9953862306541995,3.181293808411215,8.23871933411215,1.524496203271028,3.8570385514018692,4.162346670560748
270,00:00:11.218,1.0933618101364933,3.3391136098130842,12.576847254672897,1.766172605140187,3.9253431658878504,4.325825058411215
271,00:00:11.259,0.9757197540517842,2.9723885319314642,11.385258469626168,1.4425014602803738,3.7065931658878504,3.768070969626168
272,00:00:11.301,0.9129047434188288,2.7686672507788166,7.466048481308412,1.3559433411214954,3.532673773364486,3.4173846378504673
273,00:00:11.343,1.0385173388020463,2.896344431464174,8.92760660046729,1.4390332943925233,3.4724007009345796,3.7775992990654204
274,00:00:11.384,1.119416790343211,2.923396125389408,10.836010514018692,1.5234009929906542,3.434542932242991,3.8122444509345796
275,00:00:11.426,0.9421499584081662,2.4912383177570097,11.413186331775702,1.1459185163551402,3.169940128504673,3.157856308411215
276,00:00:11.468,0.8590782350853204,2.289889992211838,7.4008834696261685,0.9899605724299065,2.9542932242990654,2.925416179906542
277,00:00:11.510,0.9917635937391084,2.467192367601246,8.881060163551401,1.281578563084112,2.8314471378504673,3.288551401869159
278,00:00:11.551,1.199634024197984,2.780252141744548,12.213785046728972,1.6625292056074767,2.9406030957943927,3.737624123831776
279,00:00:11.593,1.0020285838953404,2.3893472546728973,11.273547021028037,1.2287529205607477,2.779096086448598,3.1601927570093458
280,00:00:11.635,0.8534064821809701,2.123904789719626,11.329402745327103,1.0589953271028036,2.567830023364486,2.744889018691589
281,00:00:11.676,0.9433862293692212,2.166691004672897,10.426401869158878,1.2115946261682242,2.4062134929906542,2.882264894859813
282,00:00:11.718,1.278892926867681,2.6186599493769473,11.26423773364486,1.7167421144859814,2.561295268691589,3.577942464953271
283,00:00:11.760,0.97346390251987,2.0549552180685358,9.225503796728972,1.1747590537383177,2.2673043224299065,2.722802278037383
284,00:00:11.802,0.8459933035714284,1.8448452102803738,10.389164719626168,0.9617041471962616,2.1397853387850465,2.433046144859813
285,00:00:11.843,0.8733309211191307,1.813692562305296,10.361236857476635,0.9895955023364486,1.9722546728971964,2.479227511682243
286,00:00:11.885,1.1977993495855441,2.235433703271028,11.22700058411215,1.57421875,2.0362879672897196,3.0957943925233646
287,00:00:11.927,1.1780318719708511,2.171777647975078,12.76303300233645,1.4995984228971964,2.0261755257009346,2.9895589953271027
288,00:00:11.968,0.8314732263739596,1.6348203855140186,9.411689544392523,0.9565566588785047,1.7760294976635513,2.171875
289,00:00:12.010,0.9176722415097331,1.6903110397196262,8.31319363317757,1.037456191588785,1.8260441004672898,2.207432827102804
290,00:00:12.052,1.0034688391826807,1.7671704633956384,11.87865070093458,1.1304395443925233,1.7612441588785046,2.4098276869158877
291,00:00:12.093,1.0439801086623623,1.7940517912772584,14.680746203271028,1.2781103971962617,1.7214515186915889,2.3825934579439254
292,00:00:12.135,1.1391886393668695,1.9250632788161994,13.842910338785046,1.4611565420560748,1.6444582359813085,2.669575058411215
293,00:00:12.177,0.8813845777656316,1.4913478387850467,10.863938376168225,0.9706483644859814,1.4183338200934579,2.0850613317757007
294,00:00:12.219,1.1164156770352445,1.7068487149532707,11.962434287383177,1.2559871495327102,1.5089442172897196,2.355614778037383
295,00:00:12.260,0.842634397512586,1.342241043613707,8.871750876168225,0.8610908294392523,1.3241457359813085,1.8414865654205608
296,00:00:12.302,0.8500255395710877,1.356807340342679,10.863938376168225,0.8828490070093458,1.2600394275700935,1.927533586448598
297,00:00:12.344,1.351839735941918,1.81663746105919,12.241712908878505,1.5067903037383177,1.3014018691588785,2.641720210280374
298,00:00:12.385,1.1265915034080678,1.5190566588785046,10.975649824766355,1.1492406542056075,1.2675598714953271,2.1403694509345796
299,00:00:12.427,0.8228598129628067,1.1571991822429908,9.951628212616823,0.8198379088785047,1.0252628504672898,1.6264967873831775
300,00:00:12.469,0.7425185336325918,1.0628163940809967,5.678665303738318,0.7375511098130841,0.9744816004672897,1.4764164719626167
301,00:00:12.510,0.970425365501474,1.226745035046729,11.33871203271028,0.9439982476635514,0.9995619158878505,1.736674941588785
302,00:00:12.552,1.708126726868868,1.8224664135514022,10.752226927570094,1.6349299065420562,1.1129891939252337,2.7194801401869158
303,00:00:12.594,0.8030878356238312,1.0140430295950156,6.693377628504673,0.772196261682243,0.8109301985981309,1.4590026285046729
304,00:00:12.636,0.7316363703522437,0.96415011682243,7.242625584112149,0.6863682827102804,0.8936915887850467,1.3123904789719627
305,00:00:12.677,0.8306775577421075,1.0373588395638629,6.609594042056075,0.841632593457944,0.7614632009345794,1.5089807242990654
306,00:00:12.719,1.2281816382957103,1.3973301207165107,12.418589369158878,1.1820969626168225,0.8893472546728972,2.120546144859813
307,00:00:12.761,1.4928233958137644,1.6197186526479752,14.243209696261681,1.4013580607476634,1.0460718457943925,2.4117260514018692
308,00:00:12.802,0.7707697507478574,0.9296631619937695,10.798773364485982,0.7639821845794392,0.7518618574766355,1.2731454439252337
309,00:00:12.844,0.8829810080229952,0.9756619937694704,8.257337908878505,0.8198014018691588,0.6988171728971962,1.4083674065420562
310,00:00:12.886,0.7864727741282314,0.8318852219626168,6.954037675233645,0.7408002336448598,0.5054760514018691,1.2493793808411215
311,00:00:12.927,0.9830593398239414,1.0385879088785046,9.793370327102803,1.0219772196261683,0.5766282126168224,1.5171582943925233
312,00:00:12.969,1.3188066959693256,1.2870546144859814,12.14862003504673,1.216450058411215,0.7362368574766355,1.9084769275700935
313,00:00:13.011,1.162221458261712,1.131340050623053,9.663040303738319,0.9259272780373832,0.8635367990654206,1.6045560747663552
314,00:00:13.053,0.89336632141684,0.90188132788162,10.277453271028037,0.8565639602803738,0.47181658878504673,1.3772634345794392
315,00:00:13.094,0.6366604545414899,0.6661920755451713,8.117698598130842,0.548481308411215,0.43578417056074764,1.0143107476635513
316,00:00:13.136,1.0466957645542312,0.9535387461059189,9.123101635514018,0.7634345794392523,0.7042932242990654,1.3928884345794392
317,00:00:13.178,1.4890431509774062,1.1987806658878506,10.137813960280374,1.0407418224299065,0.7145151869158879,1.841084988317757
318,00:00:13.219,0.9685080367490214,0.8771417445482865,9.718896028037383,0.8140332943925234,0.46772780373831774,1.3496641355140186
319,00:00:13.261,0.8330524774293452,0.7233985591900312,5.427314544392523,0.6543881425233645,0.468932535046729,1.046875
320,00:00:13.303,0.8236079475885854,0.7469334112149534,4.393983644859813,0.6131717289719626,0.5177058995327103,1.109922605140187
321,00:00:13.344,0.6874754890930483,0.6506279205607477,4.4498393691588785,0.5922897196261683,0.34006279205607476,1.01953125
322,00:00:13.386,1.8604088883040835,1.3764481113707163,13.861528913551401,1.2797897196261683,0.7202832943925234,2.129271320093458
323,00:00:13.428,1.0996308385239244,0.938826421339564,9.30928738317757,0.8682462032710281,0.5438814252336449,1.4043516355140186
324,00:00:13.470,0.6236039218074418,0.623065128504673,7.447429906542056,0.5313595210280374,0.41628942757009346,0.9215464369158879
325,00:00:13.511,0.8106185902705909,0.7649191978193146,6.302387558411215,0.673298773364486,0.4278621495327103,1.1935966705607477
326,00:00:13.553,1.0513955404141242,0.9163502725856697,8.369049357476635,0.818195093457944,0.4336302570093458,1.4972254672897196
327,00:00:13.595,1.4797717572124656,1.2962543808411215,11.37594918224299,1.1375219042056075,0.7666837032710281,1.984557535046729
328,00:00:13.636,0.7703047428138963,0.8019859813084113,9.46754526869159,0.681987441588785,0.5187280957943925,1.2052424065420562
329,00:00:13.678,1.0334842744047068,1.0206751362928348,6.721305490654205,0.8195093457943925,0.7418954439252337,1.5006206191588785
330,00:00:13.720,0.9461080065278672,0.9312329633956388,8.38766793224299,0.8638288551401869,0.5010221962616822,1.4288478387850467
331,00:00:13.761,0.9699082380683858,0.9209501557632399,10.621896904205608,0.7678884345794392,0.5808630257009346,1.4140990070093458
332,00:00:13.803,1.4831611898316874,1.1934993185358256,10.53811331775701,1.0430052570093458,0.7486127336448598,1.788879964953271
333,00:00:13.845,0.7857341673869414,0.6526844820872274,8.54592581775701,0.6072941004672897,0.3333455023364486,1.0174138434579438
334,00:00:13.887,0.90249089517627,0.7139310747663551,8.69487441588785,0.6316807827102804,0.3695239485981308,1.1405884929906542
335,00:00:13.928,0.6315314860090254,0.49429273753894076,6.814398364485982,0.47046582943925236,0.22667202102803738,0.7857403621495327
336,00:00:13.970,1.0830406924190672,0.8237928348909657,11.06874269859813,0.7729264018691588,0.40541033878504673,1.2930417640186915
337,00:00:14.012,1.2511627342165663,0.940347546728972,8.713492990654206,0.8915376752336449,0.38770443925233644,1.5418005257009346
338,00:00:14.053,1.1556786137079618,0.8939471378504673,9.77475175233645,0.8625511098130841,0.4725102219626168,1.346780081775701
339,00:00:14.095,1.0186338311718712,0.7942830023364486,10.03541179906542,0.6455169392523364,0.5831264602803738,1.1542056074766356
340,00:00:14.137,0.5720988111599556,0.5356795171339563,6.62821261682243,0.5114997079439252,0.2915084696261682,0.8040303738317757
341,00:00:14.178,0.8681296983202403,0.7490386487538941,9.746823890186915,0.7050598714953271,0.3893472546728972,1.1527088200934579
342,00:00:14.220,1.9884110783801405,1.308094820872274,11.794867114485982,1.2745327102803738,0.6406980140186916,2.009053738317757
343,00:00:14.262,0.9539797932213433,0.8132179711838007,9.99817464953271,0.7534316588785047,0.5004380841121495,1.1857841705607477
344,00:00:14.304,0.5130812847805352,0.5335012655763239,6.777161214953271,0.4811258761682243,0.30888580607476634,0.8104921144859814
345,00:00:14.345,0.8846120992699962,0.8191564447040497,5.59488171728972,0.7076153621495327,0.5338054906542056,1.2160484813084111
346,00:00:14.387,1.5241907254934786,1.2187256619937694,13.582250292056075,1.0177424065420562,0.8364120911214953,1.802022488317757
347,00:00:14.429,1.3705095247511698,1.1385806074766354,13.29366238317757,1.0857914719626167,0.5945896612149533,1.7353606892523366
348,00:00:14.470,0.8161493867432609,0.7071164330218068,8.322502920560748,0.6386901285046729,0.3813522196261682,1.1013069509345794
349,00:00:14.512,0.7328784822527086,0.5780884929906542,8.908988025700934,0.5702394859813084,0.26602657710280375,0.8979994158878505
350,00:00:14.554,0.6988600138739078,0.5302278037383178,5.473860981308412,0.5275992990654206,0.22747517523364486,0.8356089369158879
351,00:00:14.595,1.1029725225748943,0.7792421144859812,7.326409170560748,0.760477511682243,0.37452540887850466,1.2027234228971964
352,00:00:14.637,1.3421360465214134,0.9703684774143303,11.236309871495328,0.9902526285046729,0.4441077686915888,1.476745035046729
353,00:00:14.679,0.9387925136919024,0.7472863123052959,8.220100759345794,0.7307973130841121,0.36547167056074764,1.145589953271028
354,00:00:14.721,1.1442574987809404,0.8352560358255453,10.389164719626168,0.7511682242990654,0.4870765186915888,1.2675233644859814
355,00:00:14.762,0.705717101137687,0.5991652063862928,7.0564398364485985,0.5508907710280374,0.33425817757009346,0.9123466705607477
356,00:00:14.804,0.6539208926220774,0.6029984423676013,8.815895151869158,0.5422021028037384,0.33130110981308414,0.9354921144859814
357,00:00:14.846,1.596430835399565,1.210523753894081,10.351927570093459,1.0297897196261683,0.8128285630841121,1.7889529789719627
358,00:00:14.887,1.2184927978970923,1.0435650311526479,11.68315566588785,0.9274240654205608,0.6948014018691588,1.5084696261682242
359,00:00:14.929,0.7976035281391285,0.7873466705607477,9.914391063084112,0.6387266355140186,0.5227438668224299,1.2005695093457944
360,00:00:14.971,0.9106492738826123,0.8248880451713396,7.680162091121495,0.720867406542056,0.5016793224299065,1.2521174065420562
361,00:00:15.013,0.9971220361332724,0.8695847936137072,6.702686915887851,0.7940639602803738,0.5672459112149533,1.2474445093457944
362,00:00:15.054,1.1235826866445646,0.92279984423676,10.277453271028037,0.9212178738317757,0.36966997663551404,1.4775116822429906
363,00:00:15.096,1.2774419201904539,0.9533440420560749,11.981052862149532,0.8833601051401869,0.4491457359813084,1.527526285046729
364,00:00:15.138,0.8547881715516678,0.6373880451713395,8.517997955607477,0.6366457359813084,0.32849007009345793,0.9470283294392523
365,00:00:15.179,0.7219091681989839,0.5553933021806854,6.842326226635514,0.5224518107476636,0.25741092289719625,0.8863171728971962
366,00:00:15.221,0.7514330985623386,0.5511341510903426,6.618903329439252,0.505330023364486,0.2363828855140187,0.9116895443925234
367,00:00:15.263,1.3837576106668585,0.9354921144859812,10.37985543224299,0.8069509345794392,0.6277745327102804,1.3717508761682242
368,00:00:15.304,1.067039578942278,0.8055028232087227,9.299978095794392,0.7345575350467289,0.47506571261682246,1.2068852219626167
369,00:00:15.346,0.9685400781104707,0.7921777647975078,8.46214223130841,0.5918516355140186,0.6109082943925234,1.1737733644859814
370,00:00:15.388,0.9719661981725937,0.7407758956386292,8.369049357476635,0.6126606308411215,0.4452029789719626,1.1644640771028036
371,00:00:15.430,1.0186120962932739,0.7898656542056074,7.773254964953271,0.6756352219626168,0.5242041471962616,1.1697575934579438
372,00:00:15.471,0.8267506810952318,0.6610202492211839,4.710499415887851,0.5393545560747663,0.475321261682243,0.968384929906542
373,00:00:15.513,1.265840828101137,0.9077589563862928,8.918297313084112,0.7667932242990654,0.611857476635514,1.344626168224299
374,00:00:15.555,0.9880204459495814,0.7597595404984423,8.443523656542055,0.6056877920560748,0.5694728387850467,1.1041179906542056
375,00:00:15.596,0.2711009306588332,0.6578319704049843,5.63211886682243,0.5535557827102804,0.4269859813084112,0.9929541471962616
376,00:00:15.638,0.20523286460703524,0.8492747274143303,7.112295560747664,0.8029716705607477,0.481527453271028,1.263325058411215
377,00:00:15.680,1.4706528841785584,7.189288843457945,29.287018107476637,3.17508761682243,9.20564398364486,9.187134929906541
378,00:00:15.721,1.0839348442490684,7.945531542056075,33.03866092289719,4.1998393691588785,7.425270151869159,12.211485105140186
379,00:00:15.763,1.0015002777957076,10.101367795950155,33.997517523364486,7.3881790303738315,7.232768691588785,15.68315566588785
380,00:00:15.805,0.9179097451005516,11.181135611370719,38.01912967289719,5.140807535046729,5.957140771028038,22.445458528037385
381,00:00:15.847,0.9336826674657616,14.02898656542056,52.17855578271028,5.303409754672897,5.008725175233645,31.77482476635514
382,00:00:15.888,0.8677836425584118,16.648449669003117,61.90676109813084,6.712470794392523,3.8774094626168223,39.35546875
383,00:00:15.930,0.8949424790497991,22.170779789719628,60.26832651869159,12.754125292056075,2.9843384929906542,50.77387558411215
384,00:00:15.972,1.0067011640115602,29.35919246495327,37.1068195093458,20.359448014018692,2.1859667056074765,65.53216267523365
385,00:00:16.013,1.3303426133250214,39.057023948598136,41.41701956775701,33.54880987149533,1.7816515771028036,81.84061039719626
386,00:00:16.055,1.443199553999697,38.77879186137071,61.72057535046729,36.772962908878505,1.3359740070093458,78.2274386682243
387,00:00:16.097,1.2070303515676664,27.1257179711838,70.27581045560747,25.289354556074766,0.8559433411214953,55.23185601635514
388,00:00:16.138,0.7229848503468077,11.938120619158878,85.22652599299066,10.204001168224298,0.35959404205607476,25.25076664719626
389,00:00:16.180,0.012123562965229744,0.11847741433021806,19.65190566588785,0.08141063084112149,0.045925817757009345,0.22809579439252337
390,00:00:16.222,0.008655928846972947,0.026090342679127725,20.201153621495326,0.022634345794392524,0.020735981308411214,0.03490070093457944
391,00:00:16.264,0.0009498179515592843,3.650700934579439e-05,0.4561550817757009,0.0,0.00010952102803738318,0.0
392,00:00:16.305,0.0,0.0,0.0,0.0,0.0,0.0
393,00:00:16.347,0.0,0.009175428348909656,0.4375365070093458,0.008761682242990653,0.00014602803738317756,0.01861857476635514
394,00:00:16.389,0.0,0.0,0.0,0.0,0.0,0.0
395,00:00:16.430,0.0,0.0,0.0,0.0,0.0,0.0
396,00:00:16.472,0.0,0.013763142523364484,0.32582505841121495,0.013142523364485981,0.00021904205607476635,0.02792786214953271
397,00:00:16.514,0.0,0.0,0.0,0.0,0.0,0.0
398,00:00:16.555,0.0,0.0,0.0,0.0,0.0,0.0
399,00:00:16.597,0.0,0.0,0.0,0.0,0.0,0.0
400,00:00:16.639,0.0,0.0,0.0,0.0,0.0,0.0
401,00:00:16.681,0.0,0.0,0.0,0.0,0.0,0.0
402,00:00:16.722,0.0,0.0,0.0,0.0,0.0,0.0
403,00:00:16.764,0.0,0.0,0.0,0.0,0.0,0.0
404,00:00:16.806,0.0,0.0,0.0,0.0,0.0,0.0
405,00:00:16.847,0.0,0.0,0.0,0.0,0.0,0.0
406,00:00:16.889,0.0,0.0,0.0,0.0,0.0,0.0
407,00:00:16.931,0.0,0.0,0.0,0.0,0.0,0.0
408,00:00:16.972,0.0,0.0,0.0,0.0,0.0,0.0
409,00:00:17.014,0.0,0.0,0.0,0.0,0.0,0.0
410,00:00:17.056,0.0,0.0,0.0,0.0,0.0,0.0
411,00:00:17.098,0.0,0.0,0.0,0.0,0.0,0.0
412,00:00:17.139,0.0,0.0,0.0,0.0,0.0,0.0
413,00:00:17.181,0.0,0.0,0.0,0.0,0.0,0.0
414,00:00:17.223,0.0,0.0,0.0,0.0,0.0,0.0
415,00:00:17.264,0.0,0.0,0.0,0.0,0.0,0.0
416,00:00:17.306,0.0,0.0,0.0,0.0,0.0,0.0
417,00:00:17.348,0.0,0.0,0.0,0.0,0.0,0.0
418,00:00:17.389,0.0,0.0,0.0,0.0,0.0,0.0
419,00:00:17.431,0.0,0.0,0.0,0.0,0.0,0.0
420,00:00:17.473,0.0,0.009175428348909656,0.4375365070093458,0.008761682242990653,0.00014602803738317756,0.01861857476635514
421,00:00:17.515,0.0,0.0,0.0,0.0,0.0,0.0
422,00:00:17.556,0.0,0.0,0.0,0.0,0.0,0.0
423,00:00:17.598,0.0,0.0,0.0,0.0,0.0,0.0
424,00:00:17.640,0.6284692553252782,1.957907418224299,10.891866238317757,2.2660630841121496,0.27902307242990654,3.328636098130841
425,00:00:17.681,0.9769837686826621,4.338590342679128,16.142304322429908,4.65807535046729,1.2231673481308412,7.134528329439252
426,00:00:17.723,1.432241598224243,8.122846086448599,22.211959696261683,8.876277745327103,2.123758761682243,13.36850175233645
427,00:00:17.765,0.948172612523716,7.682449863707165,18.4696261682243,7.569071261682243,2.564617406542056,12.913660922897197
428,00:00:17.807,0.765885021174676,8.706739193925234,31.372298481308412,8.58177570093458,2.8816442757009346,14.656797605140186
429,00:00:17.848,0.7656339259721249,11.241323500778817,27.4344699182243,10.776504088785046,4.02091851635514,18.92654789719626
430,00:00:17.890,1.2102024554244004,18.426207165109034,54.85032126168224,17.294940128504674,6.32308703271028,31.66059433411215
431,00:00:17.932,1.519460509231687,23.914099007009344,39.11762558411215,20.444253796728972,7.6381790303738315,43.65986419392523
432,00:00:17.973,0.9050417688766207,17.04072965342679,20.34079293224299,12.467143691588785,5.105979848130841,33.549065420560744
433,00:00:18.015,0.8717562784866333,16.245923383956384,18.65581191588785,11.488500292056075,5.63671875,31.612551109813083
434,00:00:18.057,0.9918011024212866,16.72843652647975,17.901759637850468,12.091011974299066,6.08064398364486,32.01365362149533
435,00:00:18.098,0.9961571915197579,16.860153816199375,15.835097838785046,12.159170560747663,6.348897488317757,32.07239339953271
436,00:00:18.140,1.0107308343719041,17.320093457943926,20.10806074766355,11.826117114485982,6.482038551401869,33.652124707943926
437,00:00:18.182,1.0035266646683345,17.406323014018692,17.5573160046729,11.787638726635514,6.2751898364485985,34.15614047897196
438,00:00:18.224,0.9956932381491554,17.549917250778815,16.54260367990654,12.057571553738319,6.038076810747664,34.55410338785047
439,00:00:18.265,0.9847784475432102,17.650445385514015,14.773839077102803,12.12127628504673,5.828928154205608,35.00113171728972
440,00:00:18.307,1.003859601356488,18.126448111370717,16.430892231308412,12.698306074766355,5.640807535046729,36.040230724299064
441,00:00:18.349,1.0300024448082847,18.610372858255456,17.063923773364486,13.232403621495328,5.32535046728972,37.27336448598131
442,00:00:18.390,1.0029710503189753,18.416289427570096,18.572028329439252,13.609849591121495,5.235689252336448,36.40332943925234
443,00:00:18.432,0.9692677617873565,18.079938181464176,16.058520735981308,13.52475175233645,4.886317172897196,35.82874561915888
444,00:00:18.474,0.992425317913005,18.630183995327105,15.965427862149532,14.212835864485982,4.734740070093458,36.94297605140187
445,00:00:18.515,0.9936599813352501,18.955923870716507,14.820385514018692,14.563376168224298,4.478679906542056,37.825715537383175
446,00:00:18.557,1.0073234006746616,19.63736370716511,17.594553154205606,15.563960280373832,4.4928081191588785,38.855322721962615
447,00:00:18.599,0.9906913907708765,19.960000486760126,21.178628796728972,16.0338785046729,4.319983936915888,39.52613901869159
448,00:00:18.641,0.9608525559725913,20.43227949766355,17.11977949766355,17.418552862149532,4.377263434579439,39.50102219626168
449,00:00:18.682,0.9578142238947649,21.564617406542055,10.510185455607477,18.61959696261682,4.333308995327103,41.74094626168224
450,00:00:18.724,0.9871794130635916,23.896977219626166,10.34261828271028,20.732184579439252,4.5219772196261685,46.43676985981308
451,00:00:18.766,0.9945819231953386,25.768363025700936,10.445020443925234,22.43264456775701,4.575277453271028,50.29716705607477
452,00:00:18.807,1.065060225382945,29.064057632398754,7.959440712616822,25.825386974299064,4.563850759345795,56.8029351635514
453,00:00:18.849,1.0062059051478915,29.109301985981308,7.58706921728972,26.00485543224299,4.457359813084112,56.865690712616825
454,00:00:18.891,1.013061225483572,30.379964953271028,6.209294684579439,26.889018691588785,4.449255257009346,59.801620911214954
455,00:00:18.932,0.9949314166147338,30.506680782710276,6.777161214953271,26.95199328271028,4.733352803738318,59.83469626168224
456,00:00:18.974,0.9949457055338233,31.27308459890966,7.214697721962617,27.654388142523363,4.675416179906542,61.489449474299064
457,00:00:19.016,0.9980960964215319,31.886025116822434,5.045633761682243,28.184798481308412,4.756717289719626,62.716559579439256
458,00:00:19.058,1.0147334930742755,32.95513288551402,5.082870911214953,29.664464077102803,5.111382885514018,64.08955169392523
459,00:00:19.099,1.0050027723288097,33.05249707943925,5.1014894859813085,29.285740362149532,5.308849299065421,64.5629015771028
460,00:00:19.141,1.0381680820368884,33.69494742990654,4.580169392523365,29.370436623831775,6.242735105140187,65.47167056074767
461,00:00:19.183,1.0453890863287911,33.01575885903427,5.539025992990654,28.70286945093458,6.5306293808411215,63.8137777453271
462,00:00:19.224,1.007798110938209,30.801243672118378,7.298481308411215,25.92370035046729,7.544976635514018,58.935054030373834
463,00:00:19.266,0.9935971245614125,28.78038600077882,6.525810455607477,24.3333089953271,7.809433411214953,54.198415595794394
464,00:00:19.308,0.9932877448326746,26.760550525700932,8.266647196261681,22.194107768691588,8.633688668224298,49.45385514018692
465,00:00:19.349,0.9204075521710012,25.285849883177573,7.224007009345795,19.926985981308412,9.644385221962617,46.28617844626168
466,00:00:19.391,0.9132751815705634,22.898072429906538,6.860944801401869,16.749087324766354,10.166508469626168,41.7786214953271
467,00:00:19.433,1.688862460139056,31.45078855140187,92.36674941588785,23.82874561915888,19.48254964953271,51.04107038551402
468,00:00:19.475,0.9259639621564731,16.792725369937695,62.94009199766355,11.897889894859814,17.631023656542055,20.849262558411215
469,00:00:19.516,0.5978241897109275,9.513227706386294,50.52150262850467,4.084075642523365,14.308265186915888,10.147342289719626
470,00:00:19.558,0.8883675671299507,8.679504964953273,52.60678300233645,3.4830972546728973,15.573817172897197,6.98160046728972
471,00:00:19.600,0.8147302625642046,6.729324863707165,38.19600613317757,2.4890113901869158,12.306403329439252,5.392559871495327
472,00:00:19.641,0.8019005243229261,6.0454147196261685,39.10831629672897,2.481527453271028,10.84999269859813,4.804724007009346
473,00:00:19.683,1.595873720123338,8.800148461838006,37.94465537383178,2.893472546728972,17.21911507009346,6.287857768691588
474,00:00:19.725,1.089442911685199,5.946456386292835,36.82754088785047,1.811222254672897,11.109703563084112,4.918443341121495
475,00:00:19.766,0.6128543508525435,3.3360591900311527,24.874415887850468,1.1290157710280373,5.906542056074766,2.9726197429906542
476,00:00:19.808,0.92655869676484,3.651394567757009,30.850978387850468,1.213419976635514,6.61536214953271,3.125401577102804
477,00:00:19.850,1.0138156728676704,3.375912675233645,30.664792640186917,1.2690201518691588,5.785703855140187,3.073014018691589
478,00:00:19.892,0.8872243854391882,3.104823792834891,27.65789281542056,1.207213785046729,5.242333528037383,2.8649240654205608
479,00:00:19.933,0.8994136418976434,3.2273534852024923,30.199328271028037,1.2550379672897196,5.362113025700935,3.0649094626168223
480,00:00:19.975,0.9672581940987709,3.7432583722741435,33.8671875,1.5409608644859814,5.992406542056075,3.696407710280374
481,00:00:20.017,0.9120131486731385,4.129149630062305,35.42183849299065,1.6355140186915889,6.643509053738318,4.108425817757009
482,00:00:20.058,0.8645781632189921,5.018545560747664,41.67767961448598,2.0760806074766354,7.841158002336448,5.138398072429907
483,00:00:20.100,0.7664592004742083,6.12088687694704,44.87076518691589,2.387083820093458,9.267486857476635,6.708089953271028
484,00:00:20.142,1.1289698303688906,9.22517523364486,42.06866968457944,4.421327394859813,11.062025408878505,12.192172897196262
485,00:00:20.183,1.719617680098132,13.570835767133957,39.787894275700936,9.67307973130841,12.887558411214954,18.151869158878505
486,00:00:20.225,0.8100708335316209,7.975017036604361,34.82604410046729,4.1446042640186915,10.352037091121495,9.428409754672897
487,00:00:20.267,0.8629554752543022,8.24602073598131,29.30563668224299,4.111784462616822,10.620071553738319,10.006206191588785
488,00:00:20.309,1.0055707015297228,8.33732476635514,31.14887558411215,4.143582067757009,10.218823014018692,10.64956921728972
489,00:00:20.350,0.9804323433795206,8.339052764797508,33.438960280373834,4.127957067757009,10.270188376168225,10.61901285046729
490,00:00:20.392,0.9991751025822646,8.604458722741434,38.73594480140187,4.474700642523365,10.392048773364486,10.94662675233645
491,00:00:20.434,1.0067456928905174,8.834136487538942,36.73444801401869,4.458455023364486,10.558046144859814,11.485908294392523
492,00:00:20.475,0.9871465122836593,8.935735494548288,42.059360397196265,4.498430198598131,10.810200058411215,11.498576226635514
493,00:00:20.517,0.9937183256431267,9.22052667445483,51.210389894859816,4.702577394859813,11.271940712616823,11.68706191588785
494,00:00:20.559,1.0033810793177487,9.549223617601244,51.14522488317757,4.827869450934579,11.882483936915888,11.93731746495327
495,00:00:20.601,0.9900662414553933,9.796157028816198,46.807096962616825,4.830132885514018,12.328051985981308,12.23028621495327
496,00:00:20.642,0.9811943445817882,10.115763726635514,45.997188960280376,4.9029643691588785,12.765990070093459,12.678336740654206
497,00:00:20.684,0.9863536237057693,10.692270249221183,42.89719626168224,5.259528329439252,12.900153329439252,13.917129088785046
498,00:00:20.726,0.9816049124663004,11.200922410436137,30.897524824766354,5.624160338785047,12.904899240654206,15.073707651869158
499,00:00:20.767,1.0206360570224453,12.247955607476635,25.302643107476637,5.806403329439252,13.78376898364486,17.153694509345794
500,00:00:20.809,0.9784011588999152,12.587312597352025,24.269312207943926,5.384455315420561,13.991311331775702,18.386171144859812
501,00:00:20.851,0.9905273879331288,13.520760319314642,22.044392523364486,5.304541471962617,14.38047605140187,20.87726343457944
502,00:00:20.892,1.0049675731089835,14.491104458722743,20.703855140186917,5.333345502336448,14.632849007009346,23.50711886682243
503,00:00:20.934,0.9903780772369535,15.27387558411215,16.28194363317757,5.284499123831775,14.747773072429906,25.789354556074766
504,00:00:20.976,0.9914919160708479,16.29595015576324,15.611674941588785,5.868246203271028,14.828344042056075,28.191260221962615
505,00:00:21.018,0.9836118859363847,17.381254867601246,12.660630841121495,6.5734521028037385,15.037565712616823,30.53274678738318
506,00:00:21.059,0.978155328930988,18.59691394080997,11.729702102803738,7.560163551401869,15.17647488317757,33.05410338785047
507,00:00:21.101,1.0215022931871462,20.516647196261683,13.60086886682243,8.987879672897197,16.34469918224299,36.21736273364486
508,00:00:21.143,1.0402248578167588,21.855067172897197,15.32308703271028,9.763252044392523,17.776540595794394,38.02540887850467
509,00:00:21.184,1.0221996042343418,22.505877628504674,14.63419976635514,9.880439544392523,18.93826664719626,38.69892669392523
510,00:00:21.226,0.976750140952817,22.420341705607473,15.565128504672897,10.065055490654206,19.357951226635514,37.83801839953271
511,00:00:21.268,0.9743289533520083,23.27637022975078,17.948306074766354,10.815128504672897,19.87240800233645,39.14157418224299
512,00:00:21.309,0.972104719828957,24.178762655763236,21.160010221962615,11.496495327102803,21.30618428738318,39.733608352803735
513,00:00:21.351,1.097777213869862,26.453587422118378,28.384017231308412,12.40599445093458,26.26248539719626,40.6922824182243
514,00:00:21.393,1.1862301134792421,27.340062792056074,42.59929906542056,11.496714369158878,33.10090537383178,37.42256863317757
515,00:00:21.435,0.9426048166442422,21.594443633177573,40.57918370327103,8.077759929906541,28.339296144859812,28.366274824766354
516,00:00:21.476,0.9417513722396095,19.96463687694704,35.69180782710281,7.016720210280374,26.775810455607477,26.10137996495327
517,00:00:21.518,0.9208267734301359,17.879027940031154,35.95246787383178,6.918370327102804,22.380695093457945,24.33801839953271
518,00:00:21.560,0.9613285328181562,17.984375,35.2356527453271,7.450204439252336,20.857148072429908,25.645772488317757
519,00:00:21.601,0.9744179822687354,18.1216535241433,35.729044976635514,7.812792056074766,19.231490946261683,27.32067757009346
520,00:00:21.643,0.9902092595916235,18.866019275700936,37.78639748831776,8.519604264018692,18.5477511682243,29.530702394859812
521,00:00:21.685,0.9875928829816939,19.660229264018692,28.244377920560748,9.415997371495328,17.570166471962615,31.994523948598133
522,00:00:21.726,0.964734030495572,20.44397390965732,20.405957943925234,10.52084550233645,16.6575277453271,34.15354848130841
523,00:00:21.768,0.9949033891092037,22.197235202492212,16.607768691588785,11.912273656542055,16.645443925233646,38.033988025700936
524,00:00:21.810,1.0147319843577556,24.041739680685357,16.142304322429908,13.354665595794392,16.60338785046729,42.167165595794394
525,00:00:21.852,0.9963830845705046,25.09783878504673,18.143801109813083,14.178263726635514,16.16658148364486,44.948671144859816
526,00:00:21.893,1.033855956213705,27.03174892912773,21.886134637850468,17.37631425233645,15.401577102803738,48.31735543224299
527,00:00:21.935,1.013466409360223,27.48505646417446,24.10174503504673,17.959878796728972,14.16241968457944,50.332870911214954
528,00:00:21.977,0.9941223724627507,27.9614972741433,22.882228387850468,18.49445093457944,13.17344480140187,52.2165960864486
529,00:00:22.018,0.9894071372890313,28.388312889408102,20.173225759345794,18.248028621495326,12.612405081775702,54.304504964953274
530,00:00:22.060,1.0105305398950208,29.602146612149536,18.451007593457945,18.919538551401867,12.228022780373832,57.6588785046729
531,00:00:22.102,0.9987211814733349,29.72028329439252,21.886134637850468,19.259929906542055,12.120071553738319,57.78084842289719
532,00:00:22.143,1.0507500064488726,31.104580412772588,21.178628796728972,21.09356746495327,12.829183703271028,59.39099007009346
533,00:00:22.185,1.0176762652333278,29.938315323208723,22.882228387850468,20.519823306074766,12.510915595794392,56.78420706775701
534,00:00:22.227,1.0173383006235586,29.148315809968846,22.993939836448597,19.369560455607477,12.620181074766355,55.45520589953271
535,00:00:22.269,1.0152720324508109,27.700058411214954,21.30895882009346,17.940165011682243,12.31622371495327,52.84378650700935
536,00:00:22.310,0.9924603650834493,25.863232573987542,22.18403183411215,16.90971816588785,12.037565712616823,48.642413843457945
537,00:00:22.352,0.9719722340180599,24.18367893302181,22.007155373831775,15.36258761682243,12.655483352803738,44.532965829439256
538,00:00:22.394,0.9669283070393695,23.206800038940813,24.008652161214954,15.061733352803738,13.040413259345794,41.5182535046729
539,00:00:22.435,0.9661349407009139,22.754064447040495,28.5143472546729,14.81684433411215,13.640771028037383,39.80457797897196
540,00:00:22.477,1.0018511003807167,23.20117795950156,27.81615070093458,15.309104848130842,14.442318925233645,39.852110105140184
541,00:00:22.519,1.0214483579655713,23.614911896417443,23.729373539719628,15.450642523364486,14.922860689252337,40.471232476635514
542,00:00:22.560,0.9792861016361362,23.05746203271028,23.13357914719626,15.387777453271028,14.821115654205608,38.9634929906542
543,00:00:22.602,0.9868977763468991,23.463480821651093,24.241384345794394,15.738208235981308,16.018107476635514,38.63412675233645
544,00:00:22.644,0.9958642534062835,23.90112684968847,26.112551109813083,16.052570093457945,16.731709988317757,38.91910046728972
545,00:00:22.686,1.0033357240828624,24.526443243769467,24.86510660046729,16.390405957943926,17.599591121495326,39.58933265186916
546,00:00:22.727,1.0008535133207257,24.954159365264797,24.37171436915888,16.557936623831775,18.14011390186916,40.16442757009346
547,00:00:22.769,0.999926042740605,25.460840147975077,26.764201226635514,17.502920560747665,18.86404789719626,40.01555198598131
548,00:00:22.811,1.0053364397374986,25.84310504283489,28.002336448598133,18.26788843457944,19.118720794392523,40.14270589953271
549,00:00:22.852,1.0458430531122425,26.527185552959505,34.686404789719624,19.69107768691589,19.286141939252335,40.60433703271028
550,00:00:22.894,1.026876668362565,25.881522585669785,33.65307389018692,19.471415011682243,18.498065128504674,39.67508761682243
551,00:00:22.936,0.9738704675153214,24.27214758566978,27.27621203271028,17.668698890186917,17.768983644859812,37.378760221962615
552,00:00:22.977,1.00884165900354,24.17404108255452,24.37171436915888,17.562792056074766,17.88080461448598,37.07852657710281
553,00:00:23.019,0.9875886577838469,23.11078660436137,23.235981308411215,16.385550525700936,17.711485105140188,35.23532418224299
554,00:00:23.061,0.9748880889504886,22.58424600856698,21.52307242990654,16.303847838785046,17.795524240654206,33.65336594626168
555,00:00:23.103,0.9879803131442981,22.574474299065418,23.47802278037383,16.621239778037385,17.232622663551403,33.86956045560748
556,00:00:23.144,0.9958003840005698,22.804650992990656,25.17231308411215,17.438923773364486,16.50540303738318,34.4696261682243
557,00:00:23.186,0.9800233707837078,22.89677034657321,25.55399386682243,17.708053446261683,16.26657418224299,34.715683411214954
558,00:00:23.228,0.9887975807720846,23.547812013239877,28.31885221962617,18.5399386682243,16.68114778037383,35.422349591121495
559,00:00:23.269,1.0137649402691022,24.527039524922117,32.37770151869159,19.445275992990656,17.417238609813083,36.718603971962615
560,00:00:23.311,1.023379262949384,25.02991140965732,30.999926985981308,19.939106308411215,17.80424941588785,37.3463785046729
561,00:00:23.353,1.0334352472058594,25.301547897196258,33.42034170560748,20.319655373831775,17.926766939252335,37.65822137850467
562,00:00:23.394,0.9963519821045964,24.455996884735203,34.2395589953271,19.635988609813083,17.112113025700936,36.61988901869159
563,00:00:23.436,0.9766400729812946,23.918869256230533,33.13175379672897,18.885514018691588,16.253869742990656,36.61722400700935
564,00:00:23.478,0.9920455893975495,23.931829244548286,30.124853971962615,18.902380257009344,15.682863609813085,37.21024386682243
565,00:00:23.520,1.0211022495091653,24.274532710280372,30.590318341121495,19.485433703271028,15.92326226635514,37.414902161214954
566,00:00:23.561,1.010604632164393,23.845477998442366,32.72214515186916,19.53924503504673,15.988427278037383,36.00876168224299
567,00:00:23.603,1.0058764938284845,23.395310066199375,31.22334988317757,19.353606892523363,16.42742406542056,34.4048992406542
568,00:00:23.645,1.01066400383767,22.779363804517132,32.70352657710281,18.860798773364486,16.672276577102803,32.80501606308411
569,00:00:23.686,1.0221955103214053,22.13514894859813,29.324255257009344,18.128796728971963,16.648327978971963,31.628322137850468
570,00:00:23.728,0.9935567542658722,20.780093944704053,27.015551985981308,17.101452978971963,15.87916179906542,29.359667056074766
571,00:00:23.770,0.9716508553390554,19.66329585280374,26.484922605140188,16.05910484813084,15.128833235981308,27.801949474299064
572,00:00:23.812,0.9722808047165277,19.081605334890966,27.341377044392523,14.684944509345794,14.80695093457944,27.752920560747665
573,00:00:23.853,0.9795806557023359,18.951141452492212,22.035083235981308,14.46363901869159,14.661251460280374,27.728533878504674
574,00:00:23.895,0.9869051595915017,19.10791471962617,21.69063960280374,14.334878796728972,14.872334988317757,28.116530373831775
575,00:00:23.937,0.9956113906588061,19.531894957165107,22.18403183411215,14.437719042056075,15.18593019859813,28.97203563084112
576,00:00:23.978,0.9948767398692185,19.881157515576323,21.26241238317757,14.226489485981308,15.400481892523365,30.0165011682243
577,00:00:24.020,1.0105434581117128,20.531748929127726,20.53628796728972,14.696334696261681,15.773583528037383,31.12532856308411
578,00:00:24.062,0.9999394886069354,20.7625949182243,21.72787675233645,14.591997663551401,16.153877044392523,31.541910046728972
579,00:00:24.103,0.9990191117601699,21.094480140186914,21.048298773364486,14.488354264018692,16.297459112149532,32.49762704439252
580,00:00:24.145,1.0045037960404548,21.548018886292837,20.433885806074766,14.756534754672897,16.49237003504673,33.39515186915888
581,00:00:24.187,0.9928529403011703,21.618404400311523,23.4500949182243,14.684615946261681,16.498320677570092,33.67227657710281
582,00:00:24.229,1.0268920920860982,22.330145054517132,22.779826226635514,15.370874707943925,16.757264894859812,34.86229556074766
583,00:00:24.270,1.0203217799902626,22.12345453660436,22.267815420560748,15.079475759345794,16.731819509345794,34.559068341121495
584,00:00:24.312,1.0064198130318733,21.69158878504673,20.862113025700936,14.47240070093458,16.63427278037383,33.96809287383178
585,00:00:24.354,0.9942809167456541,21.091145833333332,21.048298773364486,13.959769275700934,16.43384929906542,32.87981892523364
586,00:00:24.395,0.9875339052774491,20.668139116043616,20.15460718457944,13.680235105140186,16.3094699182243,32.01471232476636
587,00:00:24.437,0.9848954154268315,20.366664232866043,18.627884053738317,13.868611273364486,16.051620911214954,31.179760514018692
588,00:00:24.479,1.009990726834229,20.56677132009346,21.597546728971963,14.185528621495328,15.624671436915888,31.89011390186916
589,00:00:24.520,1.0058534332022315,20.389992211838006,20.90865946261682,14.118647780373832,15.460353387850468,31.59097546728972
590,00:00:24.562,0.9840860459363087,20.028511974299064,22.249196845794394,13.796509929906541,15.295998831775702,30.993027161214954
591,00:00:24.604,0.9962171808396,20.123393691588785,20.852803738317757,14.156907126168225,15.028767523364486,31.184506425233646
592,00:00:24.646,1.0186362671856821,20.329439252336446,20.666617990654206,13.997590537383177,15.17464953271028,31.81607768691589
593,00:00:24.687,0.9983716280962168,20.051280179127726,18.720976927570092,13.853351343457945,14.904351635514018,31.396137558411215
594,00:00:24.729,0.9633272599834732,19.626837519470403,19.046801985981308,13.757702978971963,14.798773364485982,30.32403621495327
595,00:00:24.771,0.9913613613136686,20.25626703660436,19.744998539719628,14.50131425233645,14.590172313084112,31.677314544392523
596,00:00:24.812,1.015168333455483,20.85904643691589,18.339296144859812,15.045816296728972,14.703745619158878,32.827577394859816
597,00:00:24.854,1.0185705960153355,21.19394957165109,20.5455972546729,15.27048043224299,14.62481746495327,33.68655081775701
598,00:00:24.896,0.999313415074571,21.112453757788163,20.92727803738318,15.300014602803738,14.430052570093459,33.60729410046729
599,00:00:24.937,0.9863013620346155,21.002397293613708,20.135988609813083,14.900737441588785,14.433703271028037,33.6727511682243
600,00:00:24.979,1.0069917447144925,21.452443535825548,21.29964953271028,15.316552278037383,14.230140186915888,34.810638142523366
601,00:00:25.021,1.007113133339313,21.417542834890966,21.86751606308411,14.89036945093458,14.25616968457944,35.10608936915888
602,00:00:25.063,1.0145268688994498,21.68158586448598,24.241384345794394,14.758725175233645,14.059396904205608,36.22663551401869
603,00:00:25.104,0.9731880615646131,20.928665303738317,27.32275846962617,13.78245473130841,13.94001898364486,35.06352219626168
604,00:00:25.146,1.0152298029182347,21.68586935358255,24.06450788551402,14.436514310747663,14.409134053738319,36.21195969626168
605,00:00:25.188,0.9899293585886919,21.236054322429904,25.218859521028037,13.695677570093459,14.593969042056075,35.418516355140184
606,00:00:25.229,0.9980596027169779,21.5959039135514,25.609849591121495,13.931658878504672,14.848714953271028,36.007337908878505
607,00:00:25.271,0.9984448092943532,21.59792396806854,24.567209404205606,13.830607476635514,14.86587324766355,36.09729117990654
608,00:00:25.313,1.0309690230047546,22.031712422118378,26.58732476635514,13.906286507009346,15.10565128504673,37.083199474299064
609,00:00:25.354,1.014158897778831,21.662590050623052,25.079220210280372,13.584878796728972,14.956410630841122,36.446480724299064
610,00:00:25.396,0.9626142929563306,20.62321115654206,28.31885221962617,12.805563668224298,14.665157710280374,34.398912091121495
611,00:00:25.438,1.005007646683123,21.187767718068535,26.04738609813084,13.355249707943925,14.804650992990654,35.40340245327103
612,00:00:25.480,0.9967567517168295,20.81460523753894,25.069910922897197,12.983571845794392,14.553665303738319,34.90657856308411
613,00:00:25.521,1.0227705386588493,21.228375681464172,25.51675671728972,13.642596378504672,14.20155519859813,35.84097546728972
614,00:00:25.563,0.9789904319608119,20.48997274143302,24.48342581775701,13.201007593457945,13.97820531542056,34.29070531542056
615,00:00:25.605,0.9841165123524306,20.530678056853585,23.049795560747665,12.890405957943925,13.89548043224299,34.806147780373834
616,00:00:25.646,1.0279933248723343,21.145127531152646,23.06841413551402,13.535083235981308,13.777708820093459,36.122590537383175
617,00:00:25.688,0.9911384075969227,20.584684092679126,21.774423189252335,13.11945093457944,13.595100759345794,35.03950058411215
618,00:00:25.730,0.9986979363783407,20.671960183021806,20.713164427570092,13.467983352803738,13.358863901869158,35.18903329439252
619,00:00:25.771,1.009673942006142,20.727146612149536,20.796948014018692,13.949875876168225,13.12613171728972,35.10543224299065
620,00:00:25.813,0.9893270189955474,20.33868769470405,18.599956191588785,13.693523656542055,12.48419246495327,34.838346962616825
621,00:00:25.855,1.0100052007936113,20.51888629283489,17.492150992990656,14.292348130841122,12.179212908878505,35.085097838785046
622,00:00:25.897,1.0099200797599217,20.314422702492212,16.71017085280374,14.282235689252337,11.881388726635514,34.77964369158879
623,00:00:25.938,0.9969822219279671,19.882240556853585,16.849810163551403,13.935784170560748,11.531323014018692,34.17961448598131
624,00:00:25.980,1.0033958146510897,19.719711351246108,18.786141939252335,14.163003796728972,11.34236273364486,33.653767523364486
625,00:00:26.022,0.9834991391301992,19.21666910046729,17.575934579439252,13.61901285046729,11.090902453271028,32.94009199766355
626,00:00:26.063,0.9949063157176159,19.198561623831775,17.96692464953271,13.599445093457945,10.96415011682243,33.032089661214954
627,00:00:26.105,1.024818415100029,19.355809482087228,14.541106892523365,13.79114339953271,10.67987003504673,33.59641501168224
628,00:00:26.147,1.0085966250719796,18.895224883177573,16.914975175233646,13.424795560747663,10.515917056074766,32.74496203271028
629,00:00:26.188,0.9873269536597482,18.23779448987539,13.098167348130842,12.58612003504673,10.308630257009346,31.818633177570092
630,00:00:26.230,1.0093828818636263,18.144531250000004,15.59305636682243,12.937573014018692,10.151321553738319,31.34469918224299
631,00:00:26.272,0.9861343698996934,17.491992795950157,14.652818341121495,12.080424941588785,9.98594480140187,30.409608644859812
632,00:00:26.314,0.9830748984339853,17.27845112928349,13.265734521028037,12.080936039719626,9.759564836448599,29.994852511682243
633,00:00:26.355,0.9828311114385131,17.290985202492212,13.554322429906541,12.037346670560748,9.341997663551401,30.493611273364486
634,00:00:26.397,0.9697103461764462,17.376192562305295,13.628796728971963,12.630658586448599,8.87343019859813,30.62448890186916
635,00:00:26.439,0.9987080211051003,18.225515965732086,15.36032418224299,13.366712908878505,8.885367990654206,32.42446699766355
636,00:00:26.480,1.0187182677062732,18.88085329049844,15.816479264018692,14.422240070093459,9.171801985981308,33.04851781542056
637,00:00:26.522,1.0414864534627981,19.4483425817757,17.054614485981308,14.540851343457945,9.077212324766355,34.72696407710281
638,00:00:26.564,1.0139900242121356,19.08566978193146,19.76361711448598,13.51996933411215,9.185565128504672,34.55147488317757
639,00:00:26.606,0.993906820520606,18.50251898364486,20.210462908878505,12.710900992990654,9.142815420560748,33.653840537383175
640,00:00:26.647,1.022534975315161,18.457664038161994,17.948306074766354,12.23280519859813,8.815238025700934,34.32494889018692
641,00:00:26.689,0.9791534465503807,17.47212081386293,19.69845210280374,11.808557242990654,8.35017523364486,32.257629964953274
642,00:00:26.731,0.9745198696455513,17.14324133566978,17.836594626168225,11.429066880841122,7.954074182242991,32.04658294392523
643,00:00:26.772,1.006808096373407,17.273011584890966,22.37952686915888,11.31735543224299,7.734046436915888,32.76763288551402
644,00:00:26.814,1.0084721903190543,17.163101148753892,22.56571261682243,10.874160338785046,7.595173773364486,33.01996933411215
645,00:00:26.856,1.0013352409581908,16.8463785046729,22.426073306074766,10.647524824766355,7.439507885514018,32.45210280373832
646,00:00:26.897,1.0285853821412971,16.813023267133957,21.085535922897197,10.766355140186915,7.364705023364486,32.30800963785047
647,00:00:26.939,0.973085061065997,16.04652209890966,16.300562207943926,10.104373539719626,7.19392523364486,30.841267523364486
648,00:00:26.981,0.899613375645594,15.327090634735201,24.12967289719626,9.60338785046729,6.958345502336448,29.419538551401867
649,00:00:27.023,0.9901266500241689,16.97494402258567,22.938084112149532,11.377628504672897,7.001058703271028,32.54614485981308
650,00:00:27.064,1.0447440589847254,18.315189349688474,27.69512996495327,13.003322137850468,6.987697137850467,34.954548773364486
651,00:00:27.106,1.0278154720448889,18.88805734034268,24.166910046728972,14.022634345794392,6.621422313084112,36.02011536214953
652,00:00:27.148,1.0153020247224076,18.933070482866043,20.92727803738318,13.954986857476635,6.41267523364486,36.431549357476634
653,00:00:27.189,1.0632719448165917,19.28437743380062,18.069326810747665,14.203599591121495,6.235981308411215,37.41355140186916
654,00:00:27.231,1.0203279731937005,18.10326616043614,18.208966121495326,12.55121933411215,6.177095502336448,35.581483644859816
655,00:00:27.273,0.9705000120779297,16.622906931464176,19.08403913551402,11.05373831775701,5.947356892523365,32.86762558411215
656,00:00:27.314,1.012809296291004,16.130025798286603,29.100832359813083,10.04183703271028,5.9219480140186915,32.42629234813084
657,00:00:27.356,0.9840812222631291,14.995083722741434,19.68914281542056,9.219261098130842,5.733097254672897,30.03289281542056
658,00:00:27.398,0.9454089040745086,13.982841705607477,19.661214953271028,8.32151723130841,5.663806950934579,27.96320093457944
659,00:00:27.440,1.0093277863308106,14.214819411993767,21.048298773364486,8.796217873831775,5.494304906542056,28.353935455607477
660,00:00:27.481,1.0018630072217993,13.821103485202492,23.887631425233646,8.590391355140186,5.359776577102804,27.513142523364486
661,00:00:27.523,0.994258738048722,13.534779010903428,23.44078563084112,8.52475175233645,5.08915011682243,26.990435163551403
662,00:00:27.565,1.0238758674453825,13.449170073987538,22.360908294392523,8.389821845794392,4.990398656542056,26.96728971962617
663,00:00:27.606,0.9963914546954105,12.96664476246106,24.008652161214954,8.129417348130842,4.746495327102804,26.024021612149532
664,00:00:27.648,0.9537284110320108,12.219662675233645,24.995436623831775,7.411433995327103,4.703161507009346,24.544392523364486
665,00:00:27.690,1.0471271573804768,12.850808021806856,27.108644859813083,8.329475759345794,4.548444801401869,25.6745035046729
666,00:00:27.731,0.994626402265087,11.983450155763238,25.256096670560748,7.656505549065421,4.393947137850467,23.89989778037383
667,00:00:27.773,1.018158251560828,11.920013142523365,27.983717873831775,8.073196553738319,4.272013726635514,23.41482914719626
668,00:00:27.815,0.9943067301772462,11.202285338785046,25.47021028037383,7.406213492990654,4.257228387850467,21.94341413551402
669,00:00:27.857,0.9975537445142019,10.793163454049845,21.9140625,7.233936915887851,3.98368136682243,21.161872079439252
670,00:00:27.898,1.012589483491306,10.369085864485982,26.149788259345794,6.852146612149533,3.952066296728972,20.30304468457944
671,00:00:27.940,0.9883702425185701,9.787139797507788,32.61043370327103,6.358900408878505,3.824036214953271,19.178482768691588
672,00:00:27.982,0.9754380927808055,9.178081191588786,26.149788259345794,5.964296144859813,3.8054176401869158,17.764529789719628
673,00:00:28.023,1.0274562438876338,9.268874123831777,28.141975759345794,6.081629672897196,3.6484375,18.076555198598133
674,00:00:28.065,0.907119831588909,8.2116554711838,28.598130841121495,5.225029205607477,3.610725759345794,15.79921144859813
675,00:00:28.107,1.0354555906005782,8.90786847741433,24.576518691588785,6.139055198598131,3.4164354556074765,17.168114778037385
676,00:00:28.148,1.0851046141469092,8.854969820872276,27.09002628504673,6.0391355140186915,3.3385660046728973,17.187207943925234
677,00:00:28.190,0.9603301019413312,8.075898072429906,28.2629964953271,5.330790011682243,3.1788113317757007,15.718092873831775
678,00:00:28.232,0.8762133593748881,7.446480724299065,25.758798189252335,4.866128796728972,3.0244231892523366,14.448890186915888
679,00:00:28.274,0.9841882307805712,8.42868964174455,31.586412091121495,6.094297605140187,2.923992406542056,16.267778913551403
680,00:00:28.315,0.956433652307655,8.634357963395638,31.549174941588785,6.213310455607477,2.799722546728972,16.890040887850468
681,00:00:28.357,1.1184385137500255,10.099676304517134,31.772597838785046,7.70199328271028,2.672787675233645,19.924247955607477
682,00:00:28.399,1.0961504991226982,10.13579390576324,32.99211448598131,8.042384637850468,2.4956191588785046,19.869377920560748
683,00:00:28.440,0.9366692314153932,8.921789816978194,36.16658148364486,6.888215537383178,2.364230432242991,17.512923481308412
684,00:00:28.482,1.055776449469298,9.331045560747663,37.144056658878505,7.516793224299065,2.246458820093458,18.229884637850468
685,00:00:28.524,1.0023043969351413,8.533549941588785,39.35035776869159,6.615143107476635,2.1015990070093458,16.883907710280372
686,00:00:28.565,0.943417730740628,7.761219820872274,41.33323598130841,5.683301693925234,1.8782491238317758,15.722108644859814
687,00:00:28.607,1.0705646639236936,8.041666666666666,48.74342873831776,5.736784462616822,1.8665668808411215,16.521648656542055
688,00:00:28.649,0.9943388962035906,7.000559774143302,25.82396320093458,4.793844918224299,1.6650116822429906,14.542822721962617
689,00:00:28.691,1.0689160698192284,6.751119548286604,28.141975759345794,4.589953271028038,1.4769640771028036,14.186441296728972
690,00:00:28.732,0.9488745608277673,5.607659170560748,26.373211156542055,3.847473714953271,1.289938668224299,11.685565128504672
691,00:00:28.774,0.8208813515283725,4.613536799065421,23.18012558411215,2.968384929906542,1.0720283294392523,9.800197137850468
692,00:00:28.816,1.082181442271858,5.273985105140187,29.771101051401867,3.4544027453271027,1.0957578855140186,11.27179468457944
693,00:00:28.857,1.0604805302402651,4.848130841121495,27.778913551401867,3.1461010514018692,1.119816004672897,10.27847546728972
694,00:00:28.899,0.9933115644437218,4.424576518691588,24.55790011682243,2.969662675233645,0.9313303154205608,9.37273656542056
695,00:00:28.941,0.9703729398211249,3.9744450934579434,23.63628066588785,2.588091413551402,0.9096086448598131,8.425635221962617
696,00:00:28.982,0.9663192990495454,3.7209160825545173,26.717654789719628,2.3289646612149535,0.8921948014018691,7.941588785046729
697,00:00:29.024,0.9582027527701427,3.3895419587227416,22.95670268691589,2.2295925817757007,0.7886244158878505,7.150408878504673
698,00:00:29.066,1.0795063263186304,3.6138653621495322,15.807169976635514,2.3280884929906542,0.8757301401869159,7.637777453271028
699,00:00:29.108,0.8422334563798348,2.840354848130841,11.887959988317757,2.0297167056074765,0.6013434579439252,5.8900043808411215
700,00:00:29.149,1.1297424374277514,3.4399946456386292,17.08254234813084,2.459513726635514,0.7231308411214953,7.1373393691588785
701,00:00:29.191,1.059646857753626,3.046230042834891,14.606271904205608,2.248065128504673,0.4970429322429907,6.393582067757009
702,00:00:29.233,0.9451160554559316,2.679298091900311,10.808082651869158,1.8227219626168225,0.5464369158878505,5.6687353971962615
703,00:00:29.274,1.0045334145264224,2.539391063084112,7.922203563084112,1.727110105140187,0.5362514602803738,5.354811623831775
704,00:00:29.316,0.9957439343536898,2.3139359423676016,10.026102511682243,1.6626022196261683,0.525737441588785,4.753468165887851
705,00:00:29.358,0.924803067289755,2.0722595404984423,9.262740946261681,1.4196845794392523,0.5641428154205608,4.232951226635514
706,00:00:29.399,0.9263883733225345,2.0043565031152646,7.652234228971962,1.3984375,0.42340829439252337,4.191223714953271
707,00:00:29.441,0.9915763380927477,2.1053470599688473,7.978059287383178,1.3940201518691588,0.47302132009345793,4.448999707943925
708,00:00:29.483,1.0110451433081393,2.162955120716511,7.577759929906542,1.4044611565420562,0.5822137850467289,4.502190420560748
709,00:00:29.525,1.0974830233354127,2.253358644859813,7.791873539719626,1.4104117990654206,0.6055417640186916,4.744122371495327
710,00:00:29.566,1.067140914693058,2.1942416277258565,6.0603460864485985,1.453125,0.5124123831775701,4.6171875
711,00:00:29.608,0.8105449570934873,1.7502798870716514,6.348933995327103,1.144202686915888,0.3667494158878505,3.739887558411215
712,00:00:29.650,1.0414005532388486,2.0581556658878504,8.936915887850468,1.277161214953271,0.5974372079439252,4.299868574766355
713,00:00:29.691,1.1378299120234605,2.1317903037383177,10.081958235981308,1.2859228971962617,0.7072137850467289,4.402234228971962
714,00:00:29.733,0.9292068771522012,1.8290255062305294,8.127007885514018,1.2347765771028036,0.4913113317757009,3.7609886098130842
715,00:00:29.775,0.9514728991544237,1.8567708333333333,7.559141355140187,1.2482841705607477,0.5895516939252337,3.732476635514019
716,00:00:29.817,0.9809484913335401,1.8267742406542054,5.483170268691588,1.2924576518691588,0.46582943925233644,3.7220356308411215
717,00:00:29.858,1.1671894875182753,2.018290011682243,7.261244158878505,1.3703271028037383,0.5347181658878505,4.14982476635514
718,00:00:29.900,1.0184634725817965,1.7449255257009346,10.752226927570094,1.247700058411215,0.526467581775701,3.4606089369158877
719,00:00:29.942,0.9019281044546625,1.48828125,7.726708528037383,1.111528913551402,0.45170122663551404,2.9016136098130842
720,00:00:29.983,0.978994338524489,1.5198233060747663,8.992771612149532,1.13350613317757,0.3928884345794392,3.0330753504672896
721,00:00:30.025,0.8297234740488673,1.3174041082554517,8.145626460280374,0.9683119158878505,0.40453417056074764,2.579366238317757
722,00:00:30.067,0.8839585575539102,1.6591218847352025,10.817391939252337,1.1976854556074767,0.47229117990654207,3.307389018691589
723,00:00:30.108,0.9381350861640837,1.68382496105919,8.490070093457945,1.343421436915888,0.4672897196261682,3.240763726635514
724,00:00:30.150,1.9782611324039707,2.9866384345794397,11.431804906542055,2.344151577102804,0.9598422897196262,5.655921436915888
725,00:00:30.192,0.5925728302837622,1.2162918613707165,8.741420852803738,0.9425744742990654,0.33031542056074764,2.3759856892523366
726,00:00:30.234,0.7392856057151542,1.4796777647975077,8.564544392523365,1.050051109813084,0.39701372663551404,2.9919684579439254
727,00:00:30.275,1.404313121237321,2.0601027063862927,9.746823890186915,1.496276285046729,0.46732622663551404,4.216705607476635
728,00:00:30.317,1.083904216494787,1.7429541471962617,9.281359521028037,1.289610105140187,0.46236127336448596,3.4768910630841123
729,00:00:30.359,0.8429523071180406,1.4290060358255452,12.06483644859813,0.9622152453271028,0.4707213785046729,2.85408148364486
730,00:00:30.400,0.9402859907536824,1.4633469626168225,12.725795852803738,0.8954804322429907,0.4656103971962617,3.028950058411215
731,00:00:30.442,1.024859808466663,1.5145541277258567,11.096670560747663,0.935711156542056,0.5485908294392523,3.0593603971962615
732,00:00:30.484,1.0178167847676856,1.53860007788162,7.996677862149533,0.9261828271028038,0.4453855140186916,3.2442318925233646
733,00:00:30.525,0.9624672886844067,1.4803105529595015,7.782564252336448,0.9857257593457944,0.4023072429906542,3.052898656542056
734,00:00:30.567,1.0415891989371295,1.5884564836448598,8.117698598130842,1.0608206775700935,0.44056658878504673,3.2639821845794392
735,00:00:30.609,0.9407066098792004,1.5105383566978194,7.186769859813084,0.9847035630841121,0.4141720210280374,3.1327394859813085
736,00:00:30.651,0.9517478611444465,1.5706775700934579,4.096086448598131,0.8963931074766355,0.4505330023364486,3.3651066004672896
737,00:00:30.692,1.1362200420951445,1.7835499415887852,6.302387558411215,0.9809433411214953,0.526102511682243,3.843603971962617
738,00:00:30.734,1.0435511846949272,1.7186891549844237,7.838419976635514,0.9956191588785047,0.4673992406542056,3.6930490654205608
739,00:00:30.776,0.7173075220586066,1.4789841316199377,3.3234155957943927,0.9013580607476636,0.34623247663551404,3.1893618574766354
740,00:00:30.817,0.6786019357161516,1.754636390186916,5.520407418224299,0.857257593457944,0.4680563668224299,3.938595210280374
741,00:00:30.859,0.9396647809720089,2.990544684579439,7.782564252336448,1.2518253504672898,0.8426547897196262,6.8771539135514015
742,00:00:30.901,0.9917447803001859,4.154436818535825,5.650737441588785,1.4860543224299065,1.0663332359813085,9.910922897196262
743,00:00:30.942,0.8051880403253392,5.342204536604361,8.108389310747663,1.8551766939252337,1.3482768691588785,12.823160046728972
744,00:00:30.984,0.7189740824488935,6.668686721183801,13.610178154205608,2.0993355724299065,1.8026066004672898,16.104117990654206
745,00:00:31.026,1.1088930634137184,12.72524824766355,41.3797824182243,8.253285630841122,1.7408367406542056,28.181622371495326
746,00:00:31.068,0.9432952140950084,14.879234813084112,68.07881863317758,9.410302278037383,1.8484959112149533,33.37890625
747,00:00:31.109,0.9608025818798576,19.012400214174455,92.68326518691589,13.169903621495328,1.72725613317757,42.14004088785047
748,00:00:31.151,1.0674286577155343,24.6883761682243,84.64935017523365,19.666033878504674,1.9885367990654206,52.41055782710281
749,00:00:31.193,1.0827684894889251,26.859301985981308,70.66680052570094,22.43603971962617,1.5956483644859814,56.54621787383178
750,00:00:31.234,1.390360630764273,31.764383761682243,81.95896612149532,28.468603971962615,1.7167786214953271,65.10776869158879
751,00:00:31.276,1.1688994303679912,23.75938230140187,60.659316588785046,21.232622663551403,1.006936331775701,49.038587908878505
752,00:00:31.318,1.0062142643623229,16.07752871884735,53.47254672897196,15.012047313084112,0.6937792056074766,32.52675963785047
753,00:00:31.359,0.570026758540281,6.603923286604361,39.67618282710281,5.83316296728972,0.812865070093458,13.165741822429906
754,00:00:31.401,0.2369262969536548,1.7852536020249221,9.439617406542055,1.362003504672897,0.3391866238317757,3.6545706775700935
755,00:00:31.443,0.8806815859158899,4.718981211059191,2.057352511682243,4.548846378504673,0.4141355140186916,9.193961740654206
756,00:00:31.485,0.6503562001942582,2.739802375389408,1.1636609228971964,2.2339369158878504,0.3020955023364486,5.683374707943925
757,00:00:31.526,5.494691179977515,10.304334598909657,34.77018837616822,12.143874123831775,0.5641428154205608,18.204986857476637
758,00:00:31.568,0.013020030314237723,0.0425184968847352,16.347108644859812,0.014237733644859814,0.020224883177570093,0.0930928738317757
759,00:00:31.610,0.0,0.0,0.0,0.0,0.0,0.0
760,00:00:31.651,1.7254004576659039,0.01835085669781931,0.0,0.017523364485981307,0.0002920560747663551,0.03723714953271028
761,00:00:31.693,0.002650762094102055,1.2169003115264797e-05,0.4561550817757009,0.0,3.650700934579439e-05,0.0
762,00:00:31.735,0.002650762094102055,1.2169003115264797e-05,0.4561550817757009,0.0,3.650700934579439e-05,0.0
763,00:00:31.776,0.0,0.0,0.0,0.0,0.0,0.0
764,00:00:31.818,0.0,0.0,0.0,0.0,0.0,0.0
765,00:00:31.860,0.0,1.2169003115264797e-05,0.4561550817757009,0.0,3.650700934579439e-05,0.0
766,00:00:31.902,0.0,1.2169003115264797e-05,0.4561550817757009,0.0,3.650700934579439e-05,0.0
767,00:00:31.943,0.0,0.0,0.0,0.0,0.0,0.0
768,00:00:31.985,0.0,0.0,0.0,0.0,0.0,0.0
769,00:00:32.027,0.0,1.2169003115264797e-05,0.4561550817757009,0.0,3.650700934579439e-05,0.0
770,00:00:32.068,0.0,1.2169003115264797e-05,0.4561550817757009,0.0,3.650700934579439e-05,0.0
771,00:00:32.110,0.0,0.0,0.0,0.0,0.0,0.0
772,00:00:32.152,0.0,0.0,0.0,0.0,0.0,0.0
773,00:00:32.193,0.0,1.2169003115264797e-05,0.4561550817757009,0.0,3.650700934579439e-05,0.0
774,00:00:32.235,0.0,1.2169003115264797e-05,0.4561550817757009,0.0,3.650700934579439e-05,0.0
775,00:00:32.277,0.0,0.0,0.0,0.0,0.0,0.0
776,00:00:32.319,0.0,0.0,0.0,0.0,0.0,0.0
777,00:00:32.360,0.0,1.2169003115264797e-05,0.4561550817757009,0.0,3.650700934579439e-05,0.0
778,00:00:32.402,0.0,1.2169003115264797e-05,0.4561550817757009,0.0,3.650700934579439e-05,0.0
779,00:00:32.444,0.0,0.0,0.0,0.0,0.0,0.0
780,00:00:32.485,0.0,0.0,0.0,0.0,0.0,0.0
781,00:00:32.527,0.0,1.2169003115264797e-05,0.4561550817757009,0.0,3.650700934579439e-05,0.0
782,00:00:32.569,0.0,1.2169003115264797e-05,0.4561550817757009,0.0,3.650700934579439e-05,0.0
783,00:00:32.611,0.0,0.0,0.0,0.0,0.0,0.0
784,00:00:32.652,0.0,0.0,0.0,0.0,0.0,0.0
785,00:00:32.694,0.0,1.2169003115264797e-05,0.4561550817757009,0.0,3.650700934579439e-05,0.0
786,00:00:32.736,0.0,1.2169003115264797e-05,0.4561550817757009,0.0,3.650700934579439e-05,0.0
787,00:00:32.777,0.0,0.0,0.0,0.0,0.0,0.0
788,00:00:32.819,0.0,0.0,0.0,0.0,0.0,0.0
789,00:00:32.861,0.0,1.2169003115264797e-05,0.4561550817757009,0.0,3.650700934579439e-05,0.0
790,00:00:32.902,0.0,1.2169003115264797e-05,0.4561550817757009,0.0,3.650700934579439e-05,0.0
791,00:00:32.944,0.0,0.0,0.0,0.0,0.0,0.0
792,00:00:32.986,0.0,0.0,0.0,0.0,0.0,0.0
793,00:00:33.028,0.0,1.2169003115264797e-05,0.4561550817757009,0.0,3.650700934579439e-05,0.0
794,00:00:33.069,0.0,1.2169003115264797e-05,0.4561550817757009,0.0,3.650700934579439e-05,0.0
795,00:00:33.111,0.0,0.0,0.0,0.0,0.0,0.0
796,00:00:33.153,0.0,0.0,0.0,0.0,0.0,0.0
797,00:00:33.194,0.0006657789613848203,1.2169003115264797e-05,0.4561550817757009,0.0,3.650700934579439e-05,0.0
798,00:00:33.236,0.05173242894383843,0.006218360591900312,19.167822721962615,0.0003650700934579439,0.01829001168224299,0.0
799,00:00:33.278,0.3603113478082753,0.06689301012461059,32.57319655373832,0.046363901869158876,0.07056804906542057,0.08374707943925233
800,00:00:33.319,2.468959259595318,0.41390430295950154,21.5416910046729,0.2759929906542056,0.29829877336448596,0.6674211448598131
801,00:00:33.361,1.5225072534543678,0.3224785825545171,1.4243209696261683,0.266866238317757,0.16285776869158877,0.5377117406542056
802,00:00:33.403,0.17170059343347993,0.2749829633956386,0.6516501168224299,0.18917932242990654,0.19126022196261683,0.4445093457943925
803,00:00:33.445,0.055080770471136645,0.09145005841121495,0.47477365654205606,0.049576518691588786,0.10795122663551401,0.11682242990654206
804,00:00:33.486,13.853860509395334,5.578271028037384,0.521320093457944,7.408148364485982,0.45787091121495327,8.868793808411215
805,00:00:33.528,0.24531853823581287,0.4654278621495327,0.35375292056074764,0.3307169976635514,0.2895735981308411,0.7759929906542056
806,00:00:33.570,0.4078245934914013,0.7787431853582554,0.539938668224299,0.729044976635514,0.32710280373831774,1.2800817757009346
807,00:00:33.611,1.6015755835811205,1.1404911409657321,1.5918881425233644,1.1768764602803738,0.3145078855140187,1.9300890771028036
808,00:00:33.653,0.47469881051633395,0.45383080218068533,0.8936915887850467,0.24693341121495327,0.29658294392523366,0.8179760514018691
809,00:00:33.695,1.396967771489368,1.150421047507788,0.9588566004672897,1.096049941588785,0.5091267523364486,1.8460864485981308
810,00:00:33.736,0.4802084967054501,0.7545025311526481,0.521320093457944,0.644896320093458,0.4316953855140187,1.1869158878504673
811,00:00:33.778,0.524992480796461,0.9452273169781931,1.0147123247663552,0.5389894859813084,0.8234155957943925,1.4732768691588785
812,00:00:33.820,3.280358650465412,3.7353120132398754,1.34053738317757,5.005330023364486,0.9752847546728972,5.225321261682243
813,00:00:33.862,0.7475950580171773,1.5615994937694706,1.619816004672897,1.396137558411215,0.8451372663551402,2.443523656542056
814,00:00:33.903,0.5018692195550939,1.2934311721183802,0.6516501168224299,0.5221597546728972,1.5389529789719627,1.8191807827102804
815,00:00:33.945,1.1883623202487366,2.381352219626168,1.5732695677570094,2.3494816004672896,1.733827394859813,3.060747663551402
816,00:00:33.987,1.153806329026094,2.6306464174454827,1.2195166471962617,2.758469626168224,1.6108352803738317,3.5226343457943927
817,00:00:34.028,1.1937006834164219,2.529899240654206,1.7129088785046729,2.596415011682243,1.7795706775700935,3.2137120327102804
818,00:00:34.070,1.7168729205150763,2.915206386292835,1.9549503504672898,3.4429395443925235,1.7173992406542056,3.585280373831776
819,00:00:34.112,0.2893093228539394,0.5502944898753893,0.4189179322429907,0.2948671144859813,0.5659316588785047,0.7900846962616822
820,00:00:34.153,0.7909840444476101,1.0810577297507786,0.865763726635514,0.9819290303738317,0.6822429906542056,1.579001168224299
821,00:00:34.195,1.2873448413129231,1.0822259540498442,1.4615581191588785,1.0085791471962617,0.6651577102803738,1.572941004672897
822,00:00:34.237,0.8005214294798423,0.9191734813084111,1.2288259345794392,0.6786653037383178,0.7774897780373832,1.3013653621495327
823,00:00:34.279,0.6200284288859778,0.812134929906542,0.9030008761682243,0.5423116238317757,0.7080169392523364,1.186076226635514
824,00:00:34.320,1.2485475288028445,1.617455218068536,1.64774386682243,1.538332359813084,1.01631863317757,2.2977146612149535
825,00:00:34.362,1.1066833987101923,1.620485299844237,2.1783732476635516,1.2220356308411215,1.3759856892523366,2.2634345794392523
826,00:00:34.404,1.2188868333978347,1.8300842095015575,1.0519494742990654,1.7018107476635513,1.1245619158878504,2.663879964953271
827,00:00:34.445,1.0401478579026917,1.5974128699376946,0.02792786214953271,1.5903548481308412,1.0615873247663552,2.1402964369158877
828,00:00:34.487,0.776661162096797,1.170402550623053,0.32582505841121495,1.122700058411215,0.9240654205607477,1.4644421728971964
829,00:00:34.529,1.298833058580719,1.52205023364486,0.3444436331775701,1.292421144859813,1.224262558411215,2.0494669976635516
830,00:00:34.570,0.8699818369250403,1.0783197040498442,0.5957943925233645,0.8675160630841121,0.8766428154205608,1.4908002336448598
831,00:00:34.612,0.6183575311314194,0.8413040303738318,0.39099007009345793,0.7779643691588785,0.6142669392523364,1.1316807827102804
832,00:00:34.654,1.1607384172875934,1.4241384345794392,0.7354337032710281,1.6141939252336448,0.7504745911214953,1.9077467873831775
833,00:00:34.696,1.088750262844326,1.4176766939252337,0.8099080023364486,1.3917567172897196,0.810017523364486,2.0512558411214954
834,00:00:34.737,1.1785485156155466,1.570397683021807,1.0519494742990654,1.5371276285046729,0.7896101051401869,2.3844553154205608
835,00:00:34.779,1.1130644154601048,1.3726148753894079,0.7540522780373832,1.3717143691588785,0.650554906542056,2.0955753504672896
836,00:00:34.821,0.8620700194433146,1.1155081775700935,0.2141136098130841,1.1359155957943925,0.5384053738317757,1.672203563084112
837,00:00:34.862,0.7057994846628944,0.8291593652647976,0.04654643691588785,0.6035338785046729,0.7227657710280374,1.1611784462616823
838,00:00:34.904,1.410542662199506,1.4037796923676014,0.6888872663551402,1.2048043224299065,0.7934068341121495,2.2131279205607477
839,00:00:34.946,0.7292976823958837,0.8072186526479751,0.7354337032710281,0.6775335864485982,0.3794173481308411,1.364705023364486
840,00:00:34.987,1.1669396562930607,1.2289354556074765,0.28858790887850466,0.9823671144859814,0.6826080607476636,2.021831191588785
841,00:00:35.029,0.9276584052637579,0.9655008761682242,0.2141136098130841,0.6524167640186916,0.6424503504672897,1.6016355140186915
842,00:00:35.071,0.9604797039644395,1.0360080802180685,1.9828782126168225,0.9250511098130841,0.583455023364486,1.5995181074766356
843,00:00:35.113,1.013829835353718,1.0910119742990654,0.9681658878504673,0.8335280373831776,0.7002774532710281,1.7392304322429906
844,00:00:35.154,0.9855116375957419,1.0290960864485983,0.2792786214953271,0.7067757009345794,0.7548554322429907,1.6256571261682242
845,00:00:35.196,1.44601029756581,1.2739120911214954,1.2195166471962617,0.9724372079439252,0.8665668808411215,1.9827321845794392
846,00:00:35.238,0.8890469020132729,0.775968652647975,0.24204147196261683,0.6277015186915887,0.35718457943925236,1.343019859813084
847,00:00:35.279,0.6765315220811915,0.6278597157320872,0.4282272196261682,0.5709331191588785,0.3861711448598131,0.9264748831775701
848,00:00:35.321,0.6241964397664466,0.5603704244548288,0.2792786214953271,0.4088785046728972,0.422933703271028,0.8492990654205608
849,00:00:35.363,1.5129165779108766,1.101976246105919,0.8285265771028038,0.923663843457944,0.5683776285046729,1.8138872663551402
850,00:00:35.405,1.5440862635436103,1.0851830218068537,0.3165157710280374,0.9264383761682243,0.6025481892523364,1.7265625
851,00:00:35.446,0.7318501822634053,0.6401017328660435,0.7354337032710281,0.5402672313084113,0.38164427570093457,0.998393691588785
852,00:00:35.488,0.5838538375328622,0.5087495132398753,0.1582578855140187,0.35619889018691586,0.37591267523364486,0.7941369742990654
853,00:00:35.530,1.1022686442448297,0.8026309384735203,0.6516501168224299,0.6272634345794392,0.48780665887850466,1.2928227219626167
854,00:00:35.571,1.3787562860296825,0.9575423481308412,0.260660046728972,0.7616822429906542,0.6543881425233645,1.4565566588785046
855,00:00:35.613,0.9552163491863251,0.8062573014018691,0.14894859813084113,0.600138726635514,0.6385806074766355,1.1800525700934579
856,00:00:35.655,0.6831565066046437,0.6603509540498443,0.8005987149532711,0.5179614485981309,0.44056658878504673,1.0225248247663552
857,00:00:35.696,1.2183727054479734,0.9557048286604362,0.8192172897196262,0.8313376168224299,0.5049649532710281,1.5308119158878504
858,00:00:35.738,1.4384225928172725,1.1469650506230529,1.0054030373831775,1.0815931658878504,0.48258615654205606,1.8767158294392523
859,00:00:35.780,0.578947191536127,0.5240702881619937,0.4189179322429907,0.5135806074766355,0.250182535046729,0.8084477219626168
860,00:00:35.822,1.6598304252841485,1.0493818146417446,0.7912894275700935,0.9038405373831776,0.5449401285046729,1.6993647780373833
861,00:00:35.863,0.7030953423857496,0.468798676012461,0.1861857476635514,0.30351927570093457,0.4094626168224299,0.6934141355140186
862,00:00:35.905,0.4941708367950229,0.3890551985981308,0.1582578855140187,0.24620327102803738,0.2922021028037383,0.6287602219626168
863,00:00:35.947,1.153091251288333,0.7045487733644861,0.4933922313084112,0.5833820093457944,0.3939471378504673,1.1363171728971964
864,00:00:35.988,1.6666484232188008,0.9264262071651089,0.08378358644859812,0.5679395443925234,0.6386536214953271,1.5726854556074767
865,00:00:36.030,0.8220243577934705,0.6597546728971962,0.32582505841121495,0.6126241238317757,0.3633177570093458,1.0033221378504673
866,00:00:36.072,0.5674311000128527,0.4700885903426791,1.1729702102803738,0.3379453855140187,0.3349883177570093,0.7373320677570093
867,00:00:36.113,2.0281439457144446,1.109326323987539,1.079877336448598,0.9475029205607477,0.5416910046728972,1.838785046728972
868,00:00:36.155,0.8769168371001287,0.6182948792834891,1.0984959112149533,0.5466194509345794,0.346597546728972,0.9616676401869159
869,00:00:36.197,0.5785163660815063,0.43972692757009346,1.061258761682243,0.2674503504672897,0.35733060747663553,0.6943998247663551
870,00:00:36.239,1.4266644997020423,0.8011706580996885,1.5732695677570094,0.5615143107476636,0.4784608644859813,1.3635367990654206
871,00:00:36.280,0.7253935182189553,0.511584890965732,0.7912894275700935,0.433411214953271,0.2752628504672897,0.8260806074766355
872,00:00:36.322,0.9395563778602899,0.6766695872274143,0.7726708528037384,0.3548846378504673,0.540851343457944,1.1342727803738317
873,00:00:36.364,1.3360507490889462,0.9034389602803738,0.2699693341121495,0.5093457943925234,0.7642742406542056,1.4366968457943925
874,00:00:36.405,0.9404259165988661,0.6646101051401868,1.34053738317757,0.455790011682243,0.38033002336448596,1.1577102803738317
875,00:00:36.447,1.3294909653712126,0.8519397390965732,1.061258761682243,0.639018691588785,0.46210572429906543,1.4546948014018692
876,00:00:36.489,0.5559949444099311,0.39479896806853576,0.3723714953271028,0.2538332359813084,0.29143545560747663,0.6391282126168224
877,00:00:36.530,0.6261482080814811,0.6003577686915887,0.9402380257009346,0.3920852803738318,0.46367552570093457,0.9453125
878,00:00:36.572,0.6819313319491128,0.7233985591900312,0.9216194509345794,0.4962032710280374,0.389383761682243,1.284608644859813
879,00:00:36.614,1.4917331140185464,1.8651066004672898,2.33663113317757,1.5788916471962617,1.027526285046729,2.9889018691588785
880,00:00:36.656,0.8913490196078431,1.3829706970404985,0.44684579439252337,1.3831045560747663,1.0830169392523366,1.6827905957943925
881,00:00:36.697,1.2145567214846589,2.294453368380062,0.07447429906542057,3.0576080607476634,1.1044830607476634,2.72126898364486
882,00:00:36.739,0.6954024826210135,1.3232330607476637,0.16756717289719625,0.9433411214953271,1.1648656542056075,1.8614924065420562
883,00:00:36.781,2.1960306874233493,2.9852024922118385,0.4654643691588785,4.037054614485982,0.9872590537383178,3.931293808411215
884,00:00:36.822,0.5782685692563024,0.9486954828660435,0.5492479556074766,0.685893691588785,1.0285119742990654,1.1316807827102804
885,00:00:36.864,0.5740866611728993,0.8710694119937695,0.7912894275700935,0.700459988317757,0.9539281542056075,0.958820093457944
886,00:00:36.906,1.1112670374671474,1.3828125,1.4801766939252337,1.4877701518691588,0.9764529789719626,1.6842143691588785
887,00:00:36.947,0.5263825404526613,0.7525433216510904,0.29789719626168226,0.4823671144859813,0.880695093457944,0.8945677570093458
888,00:00:36.989,2.1142415498212217,2.4051182827102804,1.1543516355140186,3.016866238317757,0.8891282126168224,3.3093603971962615
889,00:00:37.031,0.8116706671948918,1.059603777258567,0.6609594042056075,0.7113755841121495,0.9107403621495327,1.5566953855140186
890,00:00:37.073,1.076352531595109,1.3553592289719625,1.3498466705607477,1.6079147196261683,0.5040522780373832,1.9541106892523366
891,00:00:37.114,0.6168852315781949,0.7088200934579438,1.0147123247663552,0.4439617406542056,0.5656030957943925,1.1168954439252337
892,00:00:37.156,0.6981835359417786,0.8633177570093458,0.9867844626168224,0.654826226635514,0.5438814252336449,1.3912456191588785
893,00:00:37.198,1.096366788575189,1.3178421923676014,2.318012558411215,0.9998174649532711,0.6285046728971962,2.3252044392523366
894,00:00:37.239,1.2932919435905434,1.5640576323987538,0.6516501168224299,1.7101708528037383,0.485433703271028,2.4965683411214954
895,00:00:37.281,0.9209884612483973,1.671838492990654,0.6516501168224299,1.7379891939252337,0.5289865654205608,2.748539719626168
896,00:00:37.323,0.5301640665703303,0.9844480140186915,0.7447429906542056,0.8561988901869159,0.41647196261682246,1.6806731892523366
897,00:00:37.364,3.026378454612026,3.394713785046729,1.0891866238317758,4.117333528037383,0.6284681658878505,5.438339661214953
898,00:00:37.406,0.4018698901355165,0.7968871690031153,0.8192172897196262,0.5158075350467289,0.40387704439252337,1.4709769275700935
899,00:00:37.448,0.3274070733526443,1.0336594626168225,1.4243209696261683,0.8580972546728972,0.3586083528037383,1.8842727803738317
900,00:00:37.490,0.831473221010265,2.518971475856698,1.2846816588785046,2.447867990654206,0.5746568341121495,4.5343896028037385
901,00:00:37.531,2.9879267865591035,5.917859228971963,3.137229848130841,6.24105578271028,0.6234667056074766,10.88905519859813
902,00:00:37.573,2.071722916399228,4.369706483644859,51.787565712616825,4.4084039135514015,0.3469626168224299,8.353752920560748
903,00:00:37.615,9.463076848464203e-06,2.4338006230529594e-05,0.32582505841121495,0.0,7.301401869158878e-05,0.0
904,00:00:37.656,0.0,0.0,0.0,0.0,0.0,0.0
905,00:00:37.698,0.0,0.0,0.0,0.0,0.0,0.0
906,00:00:37.740,0.0,2.4338006230529594e-05,0.32582505841121495,0.0,7.301401869158878e-05,0.0
907,00:00:37.781,0.0,2.4338006230529594e-05,0.32582505841121495,0.0,7.301401869158878e-05,0.0
908,00:00:37.823,0.0,0.0,0.0,0.0,0.0,0.0
909,00:00:37.865,0.0,0.0,0.0,0.0,0.0,0.0
910,00:00:37.907,0.0,2.4338006230529594e-05,0.32582505841121495,0.0,7.301401869158878e-05,0.0
911,00:00:37.948,0.0,2.4338006230529594e-05,0.32582505841121495,0.0,7.301401869158878e-05,0.0
912,00:00:37.990,0.0,0.0,0.0,0.0,0.0,0.0
913,00:00:38.032,0.0,0.0,0.0,0.0,0.0,0.0
914,00:00:38.073,0.0,2.4338006230529594e-05,0.32582505841121495,0.0,7.301401869158878e-05,0.0
915,00:00:38.115,0.0,2.4338006230529594e-05,0.32582505841121495,0.0,7.301401869158878e-05,0.0
916,00:00:38.157,0.0,0.0,0.0,0.0,0.0,0.0
917,00:00:38.198,0.0,0.0,0.0,0.0,0.0,0.0
918,00:00:38.240,0.0,2.4338006230529594e-05,0.32582505841121495,0.0,7.301401869158878e-05,0.0
919,00:00:38.282,0.0,2.4338006230529594e-05,0.32582505841121495,0.0,7.301401869158878e-05,0.0
920,00:00:38.324,0.0,0.0,0.0,0.0,0.0,0.0
921,00:00:38.365,0.0,0.0,0.0,0.0,0.0,0.0
922,00:00:38.407,0.0,2.4338006230529594e-05,0.32582505841121495,0.0,7.301401869158878e-05,0.0
923,00:00:38.449,0.0,2.4338006230529594e-05,0.32582505841121495,0.0,7.301401869158878e-05,0.0
924,00:00:38.490,0.0,0.0,0.0,0.0,0.0,0.0
925,00:00:38.532,0.0,0.0,0.0,0.0,0.0,0.0
926,00:00:38.574,0.0,2.4338006230529594e-05,0.32582505841121495,0.0,7.301401869158878e-05,0.0
927,00:00:38.616,0.0,2.4338006230529594e-05,0.32582505841121495,0.0,7.301401869158878e-05,0.0
928,00:00:38.657,0.0,0.0,0.0,0.0,0.0,0.0
929,00:00:38.699,0.0,0.0,0.0,0.0,0.0,0.0
930,00:00:38.741,0.0,2.4338006230529594e-05,0.32582505841121495,0.0,7.301401869158878e-05,0.0
931,00:00:38.782,0.0,2.4338006230529594e-05,0.32582505841121495,0.0,7.301401869158878e-05,0.0
932,00:00:38.824,0.0,0.0,0.0,0.0,0.0,0.0
933,00:00:38.866,0.0,0.0,0.0,0.0,0.0,0.0
934,00:00:38.907,0.0,2.4338006230529594e-05,0.32582505841121495,0.0,7.301401869158878e-05,0.0
935,00:00:38.949,0.0,2.4338006230529594e-05,0.32582505841121495,0.0,7.301401869158878e-05,0.0
936,00:00:38.991,0.0,0.0,0.0,0.0,0.0,0.0
937,00:00:39.033,0.0,0.0,0.0,0.0,0.0,0.0
938,00:00:39.074,0.0,2.4338006230529594e-05,0.32582505841121495,0.0,7.301401869158878e-05,0.0
939,00:00:39.116,0.0,2.4338006230529594e-05,0.32582505841121495,0.0,7.301401869158878e-05,0.0
940,00:00:39.158,0.0,0.0,0.0,0.0,0.0,0.0
941,00:00:39.199,0.0,0.0,0.0,0.0,0.0,0.0
942,00:00:39.241,0.0,2.4338006230529594e-05,0.32582505841121495,0.0,7.301401869158878e-05,0.0
943,00:00:39.283,0.0,2.4338006230529594e-05,0.32582505841121495,0.0,7.301401869158878e-05,0.0
944,00:00:39.324,0.0,0.0,0.0,0.0,0.0,0.0
945,00:00:39.366,0.0,0.0,0.0,0.0,0.0,0.0
946,00:00:39.408,0.0,2.4338006230529594e-05,0.32582505841121495,0.0,7.301401869158878e-05,0.0
947,00:00:39.450,0.0,2.4338006230529594e-05,0.32582505841121495,0.0,7.301401869158878e-05,0.0
948,00:00:39.491,0.0,0.0,0.0,0.0,0.0,0.0
949,00:00:39.533,0.0,0.0,0.0,0.0,0.0,0.0
950,00:00:39.575,0.0,2.4338006230529594e-05,0.32582505841121495,0.0,7.301401869158878e-05,0.0
951,00:00:39.616,0.0,2.4338006230529594e-05,0.32582505841121495,0.0,7.301401869158878e-05,0.0
952,00:00:39.658,0.0,0.0,0.0,0.0,0.0,0.0
953,00:00:39.700,0.0,0.0,0.0,0.0,0.0,0.0
954,00:00:39.741,0.0021214531954388757,2.4338006230529594e-05,0.32582505841121495,0.0,7.301401869158878e-05,0.0
955,00:00:39.783,1.5103510017969398e-06,2.4338006230529594e-05,0.32582505841121495,0.0,7.301401869158878e-05,0.0
956,00:00:39.825,0.002712356207429402,0.04586497274143302,1.8711667640186915,0.04380841121495327,0.0006936331775700934,0.0930928738317757
957,00:00:39.867,39.15564391592614,64.41066734813084,80.3112222546729,23.920816296728972,138.2941734813084,31.01701226635514
958,00:00:39.908,0.18166663584692316,3.227852414330218,14.922787675233645,3.0264675817757007,4.375985689252336,2.281103971962617
959,00:00:39.950,0.17785368403464155,3.306220794392523,12.483754380841122,3.5997006425233646,4.121604848130841,2.1973568925233646
960,00:00:39.992,0.9840882690338245,3.309238707165109,13.423992406542055,3.518326518691589,4.1524167640186915,2.2569728387850465
961,00:00:40.033,0.9835011642005268,3.410460475077882,10.14712324766355,3.68680636682243,4.260660046728972,2.283915011682243
962,00:00:40.075,0.9994398342047986,3.5064495716510904,12.18585718457944,3.8601416471962615,4.337361273364486,2.3218457943925235
963,00:00:40.117,1.0588892421651444,3.748783099688474,14.550416179906541,4.080132885514018,4.645188376168225,2.5210280373831777
964,00:00:40.158,0.9666642195296381,3.565177180685358,16.32849007009346,3.5725029205607477,4.706666179906542,2.416362441588785
965,00:00:40.200,0.9884605387697453,3.6791033878504673,16.989449474299064,3.764201226635514,4.800124123831775,2.4729848130841123
966,00:00:40.242,1.0222483952077372,3.818158586448598,16.254015771028037,3.908221378504673,4.962872371495327,2.583382009345794
967,00:00:40.284,0.9712971696814406,3.7560966705607477,14.67143691588785,3.8468165887850465,4.923298773364486,2.4981746495327104
968,00:00:40.325,0.9718773873902269,3.9398607866043616,15.025189836448599,4.07213785046729,5.143545560747664,2.6038989485981308
969,00:00:40.367,0.987085312028605,4.03125,19.782235689252335,4.080826518691588,5.418260806074766,2.594662675233645
970,00:00:40.409,1.1357900322902705,4.609959112149532,18.795451226635514,4.901066004672897,5.708016939252336,3.2207943925233646
971,00:00:40.450,0.9444204027362394,4.030057437694704,20.11737003504673,3.9726927570093458,5.526431074766355,2.591048481308411
972,00:00:40.492,0.9730212696341939,4.234082943925233,17.911068925233646,4.23506863317757,5.761061623831775,2.706118574766355
973,00:00:40.534,0.9682474458527817,4.1936210085669785,18.022780373831775,4.133396612149533,5.760806074766355,2.6866603387850465
974,00:00:40.575,1.0477695660994406,4.572283878504673,19.31677132009346,4.809798481308412,5.959915303738318,2.9471378504672896
975,00:00:40.617,0.9980806609508203,4.488159559968847,18.292749707943926,4.537346670560748,5.962981892523365,2.96415011682243
976,00:00:40.659,0.9945816094666194,4.539439739096573,19.372627044392523,4.379344334112149,6.1484375,3.09053738317757
977,00:00:40.701,1.0392761078166606,4.681817075545172,20.750401577102803,4.768655081775701,6.132374415887851,3.1444217289719627
978,00:00:40.742,0.9916990180635408,4.514420268691588,18.795451226635514,4.341084988317757,6.040559287383178,3.161616530373832
979,00:00:40.784,0.9824992389812496,4.477511682242991,21.057608060747665,4.395334404205608,5.950934579439252,3.0862660630841123
980,00:00:40.826,0.9993387068179258,4.510063765576324,20.2942464953271,4.408878504672897,6.004271320093458,3.117041471962617
981,00:00:40.867,1.00343827241323,4.522768204828661,20.126679322429908,4.526066004672897,5.978351343457944,3.06388726635514
982,00:00:40.909,1.0005118301180163,4.537492698598132,19.558812792056074,4.457432827102804,5.9883542640186915,3.1666910046728973
983,00:00:40.951,1.0086758407744076,4.504015771028038,21.15070093457944,4.557352511682243,5.784097546728972,3.1705972546728973
984,00:00:40.992,1.048669984602229,4.603838103582555,17.873831775700936,4.7485397196261685,5.864632009345795,3.1983425817757007
985,00:00:41.034,0.9392843428552753,4.1970039914330215,20.26631863317757,4.111565420560748,5.638398072429907,2.841048481308411
986,00:00:41.076,0.9777380149477655,4.32216218847352,19.288843457943926,4.237478095794392,5.625401577102804,3.1036068925233646
987,00:00:41.118,1.0301608484537275,4.443182924454828,21.774423189252335,4.497517523364486,5.646940712616822,3.1850905373831777
988,00:00:41.159,1.0241923707680902,4.4382666471962615,22.509856892523363,4.460608936915888,5.663624415887851,3.1905665887850465
989,00:00:41.201,0.9814351746609079,4.2949522975077885,21.69063960280374,4.159608644859813,5.602000584112149,3.123247663551402
990,00:00:41.243,0.9761672621086918,4.273425330996885,23.74799211448598,4.104811623831775,5.599518107476635,3.115946261682243
991,00:00:41.284,0.9941601870631351,4.349907515576324,21.10415449766355,4.182316004672897,5.735324182242991,3.1320823598130842
992,00:00:41.326,0.9956486137609427,4.427910825545172,23.571115654205606,4.141902745327103,5.913478387850467,3.228351343457944
993,00:00:41.368,1.0000351128337408,4.505549065420561,21.87682535046729,4.1452978971962615,6.102548189252336,3.2688011098130842
994,00:00:41.410,1.0282811277007367,4.6601684190031145,25.023364485981308,4.314982476635514,6.320860105140187,3.344662675233645
995,00:00:41.451,1.0010983483578264,4.583576713395639,24.66961156542056,4.1033148364485985,6.310565128504673,3.336850175233645
996,00:00:41.493,1.011448904359339,4.610956970404985,20.750401577102803,4.277307242990654,6.263288551401869,3.29227511682243
997,00:00:41.535,1.0066846832739829,4.537517036604362,23.90625,4.114449474299065,6.244998539719626,3.2531030957943927
998,00:00:41.576,1.0021803196204806,4.453794295171339,22.593640478971963,4.086083528037383,6.108316296728972,3.1669830607476634
999,00:00:41.618,0.9913007085813095,4.381218360591901,19.791544976635514,3.864887558411215,6.074182242990654,3.204585280373832
1000,00:00:41.660,0.9788414475944718,4.246726538161994,20.95520589953271,3.5514018691588785,6.0802789135514015,3.1084988317757007
1001,00:00:41.701,1.0382176523431967,4.440627433800622,17.911068925233646,4.056804906542056,6.195202978971962,3.0698744158878504
1002,00:00:41.743,0.9356637148376865,4.078453563084111,21.11346378504673,3.4702832943925235,5.95772488317757,2.807352511682243
1003,00:00:41.785,1.0096848921264898,4.402258566978193,20.210462908878505,3.774678738317757,6.342399240654205,3.089697721962617
1004,00:00:41.827,0.9720985621253054,4.345940420560748,20.90865946261682,3.7492333528037385,6.34904351635514,2.9395443925233646
1005,00:00:41.868,0.9904097554164929,4.575107087227415,20.666617990654206,3.7584331191588785,6.677387558411215,3.2895005841121496
1006,00:00:41.910,1.0311465235150563,4.826895930685358,20.517669392523363,4.170852803738318,6.866639894859813,3.443195093457944
1007,00:00:41.952,1.028414910664542,4.902538454049844,21.941990362149532,4.21692464953271,7.019896320093458,3.4707943925233646
1008,00:00:41.993,1.016070047696719,4.900798286604362,19.782235689252335,4.2740581191588785,7.048919392523365,3.379417348130841
1009,00:00:42.035,0.9788060981050584,4.765527647975078,17.817976051401867,4.124561915887851,6.860908294392523,3.31111273364486
1010,00:00:42.077,0.9890818603356087,4.798189252336448,17.77142961448598,4.12317464953271,6.971853095794392,3.299540011682243
1011,00:00:42.118,1.0060271797734957,4.873332846573209,17.762120327102803,4.083929614485982,7.189142815420561,3.3469261098130842
1012,00:00:42.160,1.0011607246828667,4.864960572429907,20.052205023364486,3.900408878504673,7.366712908878505,3.327759929906542
1013,00:00:42.202,1.00995684168038,4.947867990654205,18.58133761682243,4.159207067757009,7.454001168224299,3.2303957359813085
1014,00:00:42.244,0.962910852644834,4.817890868380062,17.715573890186917,3.811295268691589,7.540632301401869,3.101745035046729
1015,00:00:42.285,1.0008971514083465,5.040169879283489,17.31527453271028,3.886317172897196,7.775700934579439,3.458491530373832
1016,00:00:42.327,1.0231944321299735,5.160862052180685,17.70626460280374,3.9665230724299065,8.053190712616823,3.462872371495327
1017,00:00:42.369,1.020221560659624,5.215987636292835,17.380439544392523,4.200715537383178,8.006936331775702,3.440311039719626
1018,00:00:42.410,0.978667177147873,5.101440809968847,14.541106892523365,4.0984228971962615,7.894129672897196,3.3117698598130842
1019,00:00:42.452,0.9783108038964815,5.147938570872274,17.35251168224299,4.310127044392523,7.824437792056075,3.309250876168224
1020,00:00:42.494,1.0053714254866186,5.325776382398754,15.844407126168225,4.57100613317757,7.849080023364486,3.557242990654206
1021,00:00:42.535,0.9951855833006117,5.405069606697819,16.635696553738317,4.960608936915888,7.765515478971962,3.4890844042056073
1022,00:00:42.577,1.003847488703899,5.534839855919003,17.594553154205606,5.154461156542056,7.831848714953271,3.6182096962616823
1023,00:00:42.619,1.0298811866969881,5.716316199376948,16.70086156542056,5.576555198598131,7.901869158878505,3.670524240654206
1024,00:00:42.661,1.003530844664069,5.607342776479751,19.838091413551403,5.5306293808411215,7.559834988317757,3.731563960280374
1025,00:00:42.702,1.0224560006073053,5.654595015576324,19.484338492990656,5.855687792056075,7.403986565420561,3.7041106892523366
1026,00:00:42.744,0.9954352376073683,5.444704049844237,21.14139164719626,5.6593896028037385,7.034900700934579,3.6398218457943927
1027,00:00:42.786,0.9870147061958082,5.3532539914330215,19.73568925233645,5.575788551401869,6.873430198598131,3.6105432242990654
1028,00:00:42.827,0.9807832175284902,5.263495424454828,20.638690128504674,5.4915668808411215,6.744085864485982,3.554833528037383
1029,00:00:42.869,0.9920477823620277,5.331933897975078,18.87923481308411,5.527526285046729,6.792457651869159,3.6758177570093458
1030,00:00:42.911,0.9691765476783097,5.336606795171339,21.14139164719626,5.666654497663552,6.733206775700935,3.6099591121495327
1031,00:00:42.952,0.9840725852166899,5.545341705607477,21.811660338785046,6.061003212616822,6.841377044392523,3.7336448598130842
1032,00:00:42.994,1.0262287654277105,5.884552667445483,23.012558411214954,6.502847546728972,7.285010221962617,3.86580023364486
1033,00:00:43.036,1.0144473035273938,5.9872833917445485,22.426073306074766,6.607732184579439,7.417567172897196,3.936550817757009
1034,00:00:43.078,1.0018601786635548,6.067379770249221,19.91256571261682,6.514967873831775,7.561842873831775,4.125328563084112
1035,00:00:43.119,0.9970826754006045,6.11078660436137,20.84349445093458,6.7142231308411215,7.506753796728972,4.111382885514018
1036,00:00:43.161,1.0163273899012015,6.241834598909658,22.556403329439252,6.865763726635514,7.7383542640186915,4.121385806074766
1037,00:00:43.203,1.0062211422345997,6.218165887850468,24.008652161214954,6.834878796728972,7.674065420560748,4.145553446261682
1038,00:00:43.244,0.9875152893881906,6.169903621495327,24.43687938084112,6.654132593457944,7.754271320093458,4.101306950934579
1039,00:00:43.286,0.984973216025797,6.196359034267913,25.265405957943926,6.589880257009346,7.848897488317757,4.150299357476635
1040,00:00:43.328,1.0037495499238667,6.335268204828661,26.038076810747665,6.723532418224299,7.990143107476635,4.292129088785047
1041,00:00:43.369,1.0097149616514671,6.440225856697819,25.97291179906542,6.9070166471962615,8.151723130841122,4.261937792056075
1042,00:00:43.411,0.9933491349839818,6.439921631619938,22.630877628504674,6.833016939252336,8.232184579439252,4.254563376168225
1043,00:00:43.453,1.007426564809674,6.541496300623053,25.302643107476637,6.918005257009346,8.426949474299066,4.279534170560748
1044,00:00:43.495,1.0246976587906915,6.615167445482865,23.63628066588785,6.952723422897196,8.624488901869158,4.268290011682243
1045,00:00:43.536,0.9928684871437856,6.477779400311526,24.688230140186917,6.657418224299065,8.492589077102803,4.28333089953271
1046,00:00:43.578,0.976305715360539,6.363707165109034,23.701445677570092,6.5841851635514015,8.361492406542055,4.145443925233645
1047,00:00:43.620,1.0228071652897333,6.576859423676012,24.790632301401867,6.9250146028037385,8.542567172897197,4.262996495327103
1048,00:00:43.661,0.993199262872015,6.4027940031152655,24.837178738317757,6.533586448598131,8.450204439252337,4.224591121495327
1049,00:00:43.703,1.0022215997495463,6.476538161993769,22.202650408878505,6.685127044392523,8.47951956775701,4.264967873831775
1050,00:00:43.745,0.986775810923035,6.369438765576324,25.4422824182243,6.650153329439252,8.23167348130841,4.2264894859813085
1051,00:00:43.786,1.0012376893029622,6.4996349299065415,24.688230140186917,6.571152161214953,8.56874269859813,4.359009929906542
1052,00:00:43.828,0.9821025782345306,6.440225856697819,22.5377847546729,6.326482184579439,8.632410922897197,4.361784462616822
1053,00:00:43.870,1.0230480832710955,6.680198598130841,23.468713492990656,6.869523948598131,8.78011828271028,4.390953563084112
1054,00:00:43.912,1.0355899458037647,6.681086935358255,24.89303446261682,6.846305490654205,8.73966851635514,4.457286799065421
1055,00:00:43.953,1.0074140875682085,6.497858255451713,24.4461886682243,6.5396831191588785,8.539975175233645,4.413916471962617
1056,00:00:43.995,0.9664110508882723,6.1876338590342685,23.459404205607477,6.044136974299065,8.141902745327103,4.376861857476635
1057,00:00:44.037,1.012207250853808,6.251229069314642,22.86360981308411,6.1896539135514015,8.08360105140187,4.480432242990654
1058,00:00:44.078,1.0427640493729828,6.1806001752336455,21.18793808411215,6.188485689252336,7.692830023364486,4.660484813084112
1059,00:00:44.120,1.0158809829002131,5.837263921339564,20.620071553738317,5.877993574766355,7.142596378504673,4.491201810747664
1060,00:00:44.162,0.9830389972589557,5.432401187694704,20.517669392523363,5.1531103971962615,6.814544392523365,4.329548773364486
1061,00:00:44.204,0.9718628780909513,5.119816004672897,20.061514310747665,4.667421144859813,6.509674357476635,4.182352511682243
1062,00:00:44.245,0.9824011187417526,4.966839466510904,22.277124707943926,4.275226343457944,6.380403037383178,4.244889018691588
1063,00:00:44.287,0.9863420361225531,4.835669781931464,18.88854410046729,4.292457651869159,6.137996495327103,4.076555198598131
1064,00:00:44.329,1.023045769707081,4.835377725856698,21.020370911214954,4.085572429906542,6.193779205607477,4.226781542056075
1065,00:00:44.370,1.0198925923107212,4.688485689252336,20.024277161214954,3.874050817757009,6.092581775700935,4.098824474299065
1066,00:00:44.412,0.9706634060789538,4.414816978193147,19.99634929906542,3.4132958528037385,5.797824182242991,4.03333089953271
1067,00:00:44.454,0.9738425041231541,4.302290206386293,19.428482768691588,3.3235981308411215,5.634601343457944,3.948671144859813
1068,00:00:44.495,1.0237596490364695,4.366834598909658,20.508360105140188,3.3882885514018692,5.632483936915888,4.079731308411215
1069,00:00:44.537,0.998151827681241,4.201263142523364,20.257009345794394,3.306585864485981,5.374269859813084,3.922933703271028
1070,00:00:44.579,0.9929350595573532,4.143582067757009,18.50686331775701,3.2782199182242993,5.237916179906542,3.914610105140187
1071,00:00:44.621,0.9775721244465473,4.023461838006231,19.88463785046729,3.184688960280374,5.058922313084112,3.826774240654206
1072,00:00:44.662,1.0159655213479117,4.100698500778816,18.34860543224299,3.384236273364486,5.0724664135514015,3.8453928154205608
1073,00:00:44.704,1.0017598956199838,4.017535533489096,18.451007593457945,3.3622955607476634,4.949255257009346,3.7410557827102804
1074,00:00:44.746,0.9942892843695031,3.960450739875389,17.845903913551403,3.373028621495327,4.7506206191588785,3.7577029789719627
1075,00:00:44.787,1.0009426303619315,3.9572989680685353,17.54800671728972,3.3885441004672896,4.744304906542056,3.7390478971962615
1076,00:00:44.829,0.9683718180686425,3.8572575934579443,18.23689398364486,3.246495327102804,4.663551401869159,3.6617260514018692
1077,00:00:44.871,1.0035171067653665,3.979044976635514,14.86693195093458,3.6484740070093458,4.624488901869159,3.6641720210280373
1078,00:00:44.912,1.0148001116758647,4.036166277258567,16.430892231308412,3.893070969626168,4.600503796728972,3.6149240654205608
1079,00:00:44.954,0.9900774110674164,4.009674357476635,15.890953563084112,3.9663405373831777,4.525773948598131,3.536908586448598
1080,00:00:44.996,0.978716076342199,4.063230140186916,17.97623393691589,3.8891282126168223,4.677570093457944,3.622992114485981
1081,00:00:45.038,0.9857155123859532,4.120996397975078,18.12518253504673,4.0150043808411215,4.755147488317757,3.592837324766355
1082,00:00:45.079,1.0622852105473495,4.439532223520249,20.592143691588785,4.74426839953271,4.88558703271028,3.688741238317757
1083,00:00:45.121,0.9779851858970646,4.210426401869159,20.852803738317757,4.278986565420561,4.986565420560748,3.365727219626168
1084,00:00:45.163,0.9973184777939075,4.322259540498442,18.96301839953271,4.479738609813084,5.125657126168225,3.361382885514019
1085,00:00:45.204,1.0091343299214945,4.338030568535825,19.028183411214954,4.389967873831775,5.163149824766355,3.4609740070093458
1086,00:00:45.246,1.0015369423327742,4.347534559968847,22.10024824766355,4.3867917640186915,5.212178738317757,3.4436331775700935
1087,00:00:45.288,0.9846967325906415,4.314836448598131,24.29724007009346,4.157965829439252,5.317976051401869,3.468567464953271
1088,00:00:45.329,0.9952379046780582,4.388325058411215,24.343786507009344,4.3390771028037385,5.328599591121495,3.497298481308411
1089,00:00:45.371,1.0129922611073592,4.453684774143302,24.502044392523363,4.407418224299065,5.355286214953271,3.59834988317757
1090,00:00:45.413,1.0216182030659242,4.521234910436137,23.766610689252335,4.526942172897196,5.448306074766355,3.58845648364486
1091,00:00:45.455,0.9695802448430861,4.361857476635514,24.13898218457944,4.10685601635514,5.482257593457944,3.496458820093458
1092,00:00:45.496,1.0062992554682928,4.49838152258567,25.70294246495327,4.438522196261682,5.452796436915888,3.6038259345794392
1093,00:00:45.538,1.022784531375268,4.521526966510904,23.198744158878505,4.4178957359813085,5.481344918224299,3.6653402453271027
1094,00:00:45.580,1.0011771606341153,4.476270443925234,24.37171436915888,4.407783294392523,5.497809579439252,3.5232184579439254
1095,00:00:45.621,0.9780288909439768,4.346694898753895,24.725467289719628,4.119122371495327,5.460499415887851,3.4604629088785046
1096,00:00:45.663,1.032078696473241,4.517426012461059,22.128176109813083,4.592691296728972,5.376934871495327,3.5826518691588785
1097,00:00:45.705,0.9726455079718268,4.262144665109034,22.10024824766355,3.8612368574766354,5.37248101635514,3.552716121495327
1098,00:00:45.746,1.02174426384352,4.4229580412772584,22.500547605140188,4.212361273364486,5.421071845794392,3.6354410046728973
1099,00:00:45.788,0.9854016043249478,4.240970599688474,21.513763142523363,3.846049941588785,5.349226051401869,3.5276358060747666
1100,00:00:45.830,0.9997670039326055,4.294781931464175,22.86360981308411,3.8758031542056073,5.360689252336448,3.6478533878504673
1101,00:00:45.872,0.9969593457508897,4.235312013239875,22.64018691588785,3.7688011098130842,5.343311915887851,3.5938230140186915
1102,00:00:45.913,1.0061686360619049,4.283890673676012,26.187025408878505,3.8184871495327104,5.409718165887851,3.6234667056074765
1103,00:00:45.955,0.9734803163911089,4.173274435358255,23.822466413551403,3.49748101635514,5.4751022196261685,3.547240070093458
1104,00:00:45.997,1.0081761367381785,4.327139310747664,25.488828855140188,3.623795268691589,5.666179906542056,3.6914427570093458
1105,00:00:46.038,0.994226985642703,4.301511390186916,29.03566734813084,3.60086886682243,5.6724956191588785,3.6311696845794392
1106,00:00:46.080,1.0136930926079402,4.409511292834892,25.93567464953271,3.6991092289719627,5.792530665887851,3.73689398364486
1107,00:00:46.122,1.0094687999061083,4.396028037383178,21.355505257009344,3.625401577102804,5.889639310747664,3.6730432242990654
1108,00:00:46.163,1.00397368376961,4.375109521028038,21.820969626168225,3.597145151869159,5.862478095794392,3.6657053154205608
1109,00:00:46.205,1.0028650510942327,4.333041277258567,24.762704439252335,3.4496933411214954,5.935601635514018,3.613828855140187
1110,00:00:46.247,1.0025123343109836,4.292591510903427,22.64018691588785,3.4255257009345796,5.8599956191588785,3.5922532126168223
1111,00:00:46.289,0.9919394583150039,4.218920366043613,23.37562061915888,3.2932242990654204,5.871531834112149,3.492004964953271
1112,00:00:46.330,0.9907046364877103,4.200265284267913,24.455497955607477,3.244998539719626,5.9140625,3.4417348130841123
1113,00:00:46.372,0.9868343781841178,4.186915887850467,19.605359228971963,3.183228679906542,5.9421728971962615,3.435346086448598
1114,00:00:46.414,0.9993684224048048,4.260270638629283,21.15070093457944,3.1993282710280373,6.061003212616822,3.520480432242991
1115,00:00:46.455,0.9936276481323523,4.291642328660436,21.96060893691589,3.211996203271028,6.187828563084112,3.475102219626168
1116,00:00:46.497,0.9969393381396752,4.373028621495327,19.717070677570092,3.417421144859813,6.24036214953271,3.461302570093458
1117,00:00:46.539,1.0037543520402257,4.456447137850468,16.85911945093458,3.432169976635514,6.344005549065421,3.5931658878504673
1118,00:00:46.580,1.00595555255792,4.537456191588785,21.53238171728972,3.439945969626168,6.536507009345795,3.6359155957943927
1119,00:00:46.622,0.9860274921237607,4.556987441588785,19.102657710280372,3.4432316004672896,6.658586448598131,3.5691442757009346
1120,00:00:46.664,0.9903419374752885,4.655909267912772,20.35010221962617,3.510112441588785,6.793114778037383,3.6645005841121496
1121,00:00:46.706,1.0203746826083497,4.836436429127726,22.025773948598133,3.5742552570093458,7.1203271028037385,3.8147269275700935
1122,00:00:46.747,1.0043918652074757,4.8743793808411215,23.422167056074766,3.648839077102804,7.085718457943925,3.8885806074766354
1123,00:00:46.789,0.9800226417403543,4.8721767912772584,24.10174503504673,3.5991530373831777,7.193742698598131,3.8236346378504673
1124,00:00:46.831,1.00515538237671,5.047738999221184,24.29724007009346,3.7960353387850465,7.438996787383178,3.908184871495327
1125,00:00:46.872,1.0059092702310888,5.127421631619938,26.000839661214954,3.7874196845794392,7.618428738317757,3.976416471962617
1126,00:00:46.914,1.0016752337786985,5.213419976635514,25.51675671728972,3.805892231308411,7.81571261682243,4.018655081775701
1127,00:00:46.956,0.9921062152213487,5.255865459501558,27.332067757009344,3.9226051401869158,7.822174357476635,4.0228168808411215
1128,00:00:46.997,1.004846114172203,5.387777453271028,25.758798189252335,4.060236565420561,8.012083820093459,4.091011974299065
1129,00:00:47.039,1.0071273350632801,5.462117893302181,25.004745911214954,4.105103679906542,8.027453271028037,4.253796728971962
1130,00:00:47.081,1.0060304474338968,5.515771028037382,26.70834550233645,4.024788259345795,8.194983936915888,4.327540887850467
1131,00:00:47.123,1.0029440108674799,5.534438278816199,29.61284316588785,3.9913843457943927,8.30884929906542,4.303081191588785
1132,00:00:47.164,1.004058295383765,5.546497760903428,27.70443925233645,4.11466851635514,8.23707651869159,4.287748247663552
1133,00:00:47.206,1.0081624756082055,5.548383956386293,34.75156980140187,4.164646612149533,8.18932535046729,4.291179906542056
1134,00:00:47.248,0.9936426628895807,5.497724396417445,32.070495035046726,4.110908294392523,8.157783294392523,4.22448160046729
1135,00:00:47.289,0.9710178640920225,5.435187889408099,35.53354994158879,3.9427205023364484,8.138434579439252,4.2244085864485985
1136,00:00:47.331,0.9995879485538297,5.601525992990655,32.694217289719624,4.074364778037383,8.27942464953271,4.450788551401869
1137,00:00:47.373,1.0180264001730313,5.742017133956387,39.93684287383178,4.125109521028038,8.536872079439252,4.564069801401869
1138,00:00:47.415,0.9963591547324916,5.740410825545172,38.41011974299065,4.045305198598131,8.637740946261681,4.538186331775701
1139,00:00:47.456,0.9920973634049223,5.7842435747663545,43.43713492990654,3.988828855140187,8.764091705607477,4.5998101635514015
1140,00:00:47.498,1.0098362357851673,5.91776187694704,40.96086448598131,4.166325934579439,8.889639310747663,4.697320385514018
1141,00:00:47.540,1.0052585012264328,5.921084014797508,40.71882301401869,4.030592873831775,8.882885514018692,4.849773656542056
1142,00:00:47.581,1.0287540069540886,5.994742990654206,41.27738025700935,4.073379088785047,8.921765478971963,4.989084404205608
1143,00:00:47.623,1.0213661173228763,5.863694996105919,39.974080023364486,3.9292129088785046,8.767997955607477,4.893874123831775
1144,00:00:47.665,0.9940291921743523,5.606211059190031,41.39840099299065,3.78263726635514,8.24477949766355,4.7912164135514015
1145,00:00:47.706,0.995621424353385,5.442087714174455,35.31012704439252,3.7463492990654204,7.923225759345795,4.656688084112149
1146,00:00:47.748,0.974033438062053,5.259017231308412,34.63054906542056,3.5530081775700935,7.628541179906542,4.5955023364485985
1147,00:00:47.790,0.9408872706516626,5.135161117601246,35.69180782710281,3.4819655373831777,7.394786799065421,4.52873101635514
1148,00:00:47.832,0.9781669758812614,5.413405373831775,34.65847692757009,3.647342289719626,7.739705023364486,4.853168808411215
1149,00:00:47.873,0.9976771412112316,5.716632593457945,35.20772488317757,3.818377628504673,8.209951810747663,5.121568341121495
1150,00:00:47.915,1.0091011117467767,6.026126849688474,31.558484228971963,3.8901869158878504,8.835024824766355,5.353168808411215
1151,00:00:47.957,1.0480826585740781,6.345076421339564,37.01372663551402,4.221743574766355,9.21502628504673,5.598459404205608
1152,00:00:47.998,1.0645826724881655,6.4119937694704054,33.83925963785047,4.354227511682243,9.237551109813085,5.644202686915888
1153,00:00:48.040,1.007109234726064,6.061185747663552,33.03866092289719,4.249561915887851,8.575058411214954,5.358936915887851
1154,00:00:48.082,0.9557946416782223,5.659657320872275,33.113135221962615,4.046509929906542,7.880950642523365,5.051511390186916
1155,00:00:48.123,1.0022692653078387,5.656870619158879,28.244377920560748,4.042676693925234,7.874123831775701,5.053811331775701
1156,00:00:48.165,1.0338562572536585,5.55561234423676,28.672605140186917,3.7639091705607477,7.864924065420561,5.038003796728972
1157,00:00:48.207,1.0192605074467056,5.299795560747664,33.671692464953274,3.6141209112149535,7.4633834696261685,4.821882301401869
1158,00:00:48.249,0.958663041372829,4.878395151869159,34.509528329439256,3.2820896612149535,6.775737441588785,4.5773583528037385
1159,00:00:48.290,0.9428304214711123,4.707712714174455,29.80833820093458,3.1551182827102804,6.511463200934579,4.456556658878505
1160,00:00:48.332,0.9710989929006738,4.791873539719625,28.188522196261683,3.1765113901869158,6.676000292056075,4.523108936915888
1161,00:00:48.374,1.0256215146126648,5.002616335669782,32.32184579439252,3.4629818925233646,6.873722254672897,4.671144859813084
1162,00:00:48.415,1.0701287074439403,5.149216316199378,31.847072137850468,3.612332067757009,7.099445093457944,4.735871787383178
1163,00:00:48.457,1.0039887292796854,4.861772293613707,27.527562792056074,3.24470648364486,6.825825058411215,4.514785338785047
1164,00:00:48.499,0.9438868504704346,4.590829439252336,25.796035338785046,2.928738317757009,6.561404789719626,4.282345210280374
1165,00:00:48.540,0.9689002591432728,4.627166082554517,25.693633177570092,3.0588858060747666,6.586083528037383,4.2365289135514015
1166,00:00:48.582,1.034306920764908,4.81684433411215,28.179212908878505,3.417786214953271,6.721451518691588,4.311295268691588
1167,00:00:48.624,1.0281252366095954,4.833308995327102,27.602037091121495,3.5228168808411215,6.644786799065421,4.332323306074766
1168,00:00:48.666,0.9329678711621823,4.576993282710281,25.200240946261683,3.2905592873831777,6.250876168224299,4.189544392523365
1169,00:00:48.707,0.9693201230770747,4.783355237538941,26.717654789719628,3.5667348130841123,6.448671144859813,4.334659754672897
1170,00:00:48.749,1.0542641407755409,5.189860786604361,32.04256717289719,3.9992333528037385,6.999269859813084,4.5710791471962615
1171,00:00:48.791,0.518356012713096,5.138848325545172,31.958783586448597,3.9757228387850465,6.9343603971962615,4.506461740654205
1172,00:00:48.832,0.5451478777315788,5.191734813084111,31.22334988317757,4.110397196261682,6.917494158878505,4.547313084112149
1173,00:00:48.874,5.80065832329323,24.49002141744548,133.49518107476635,22.868757301401867,34.42154643691589,16.179760514018692
1174,00:00:48.916,0.36082702261402533,3.2754088785046727,14.17804468457944,2.044063960280374,4.958601051401869,2.823561623831776
1175,00:00:48.957,0.3801471565117585,3.281761098130841,16.94290303738318,2.1712908878504673,4.7882958528037385,2.8856965537383177
1176,00:00:48.999,1.0019912153336332,3.3465001947040496,15.13690128504673,2.3046875,4.713639018691588,3.0211740654205608
1177,00:00:49.041,1.019634879238009,3.4195507204049846,15.844407126168225,2.396502628504673,4.69140625,3.1707432827102804
1178,00:00:49.083,1.0000035974587553,3.3826786409657323,15.59305636682243,2.302022488317757,4.697247371495327,3.1487660630841123
1179,00:00:49.124,1.0155860117110667,3.403864875389408,15.099664135514018,2.2960718457943927,4.673882885514018,3.241639894859813
1180,00:00:49.166,1.0109034139627755,3.3607500973520246,16.617077978971963,2.3335280373831777,4.4552789135514015,3.2934433411214954
1181,00:00:49.208,0.9794106596434047,3.243526090342679,13.666033878504672,2.2584331191588785,4.297714661214953,3.174430490654206
1182,00:00:49.249,1.0056800893535072,3.2679371105919004,17.408367406542055,2.30538113317757,4.289281542056075,3.209148656542056
1183,00:00:49.291,1.0060474137807907,3.2142961448598135,15.946809287383177,2.1828636098130842,4.2154643691588785,3.2445604556074765
1184,00:00:49.333,1.0034056093179466,3.1793467679127723,12.306877920560748,2.1910776869158877,4.068122079439252,3.2788405373831777
1185,00:00:49.374,0.9838479322058861,3.0890892718068534,11.124598422897197,2.1462470794392523,3.8428738317757007,3.2781469042056073
1186,00:00:49.416,0.9960400042578498,3.102901090342679,13.470538843457945,2.208820093457944,3.7704074182242993,3.329475759345794
1187,00:00:49.458,0.9874740309294329,3.062670366043614,8.536616530373832,2.1586594626168223,3.7335718457943927,3.295779789719626
1188,00:00:49.500,1.0154359706776765,3.1298432632398754,7.866347838785047,2.1857841705607477,3.7422970210280373,3.461448598130841
1189,00:00:49.541,1.0025920135128854,3.0842460085669785,7.484667056074766,2.1595356308411215,3.5699839369158877,3.5232184579439254
1190,00:00:49.583,0.9887290978394018,3.079244548286604,10.054030373831775,2.0986419392523366,3.5249342873831777,3.6141574182242993
1191,00:00:49.625,0.9647470445146696,3.0333308995327104,9.495473130841122,2.062353971962617,3.453307535046729,3.584331191588785
1192,00:00:49.666,1.0254972815469814,3.2099639797507784,8.052533586448599,2.2790230724299065,3.4921144859813085,3.8587543808411215
1193,00:00:49.708,1.0122936674200989,3.2032345210280373,5.660046728971962,2.2991019275700935,3.4482330607476634,3.862368574766355
1194,00:00:49.750,0.9850415502104394,3.2048043224299065,3.788879964953271,2.1956045560747666,3.4469918224299065,3.9718165887850465
1195,00:00:49.791,0.9729823461048904,3.209233839563863,3.854044976635514,2.128504672897196,3.478862441588785,4.020334404205608
1196,00:00:49.833,1.0255413883829185,3.391452492211838,4.822210864485982,2.324729848130841,3.62040011682243,4.229227511682243
1197,00:00:49.875,1.0050351396712969,3.393898461838006,6.563047605140187,2.306695385514019,3.6286872079439254,4.246312792056075
1198,00:00:49.917,0.9878193445890017,3.420013142523364,7.224007009345795,2.1953125,3.71875,4.345976927570093
1199,00:00:49.958,1.0000366456971845,3.4868818146417446,5.436623831775701,2.173773364485981,3.820860105140187,4.466011974299065
1200,00:00:50.000,1.013928873908761,3.5765065225856696,5.930016063084112,2.1811842873831777,3.957177278037383,4.591158002336448
1201,00:00:50.042,0.9881972661747664,3.5565980334890965,5.148035922897196,2.121239778037383,3.9075642523364484,4.640990070093458
1202,00:00:50.083,0.9979490706700451,3.6460036993769465,4.98046875,2.010112441588785,4.182389018691588,4.745509637850467
1203,00:00:50.125,0.9954061488447201,3.6869158878504673,4.952540887850467,2.013872663551402,4.264091705607477,4.782783294392523
1204,00:00:50.167,1.0094592385013508,3.793966608255451,7.736017815420561,2.0940420560747666,4.355979848130841,4.931877920560748
1205,00:00:50.209,0.9997308295705218,3.8191564447040496,8.117698598130842,2.0862660630841123,4.376533294392523,4.994669976635514
1206,00:00:50.250,0.9985075900043748,3.881583430685358,9.216194509345794,2.0358863901869158,4.54227511682243,5.066588785046729
1207,00:00:50.292,0.9902508934118183,3.9182729750778815,11.794867114485982,2.040413259345794,4.655337324766355,5.059068341121495
1208,00:00:50.334,1.0006030376125772,4.018143983644859,14.317683995327103,2.0894056658878504,4.803701810747664,5.161324474299065
1209,00:00:50.375,1.008616472496671,4.108511000778816,16.3936550817757,2.147196261682243,4.943122079439252,5.235214661214953
1210,00:00:50.417,0.9968385453658886,4.154522001557632,15.686149240654206,2.0986784462616823,5.0646539135514015,5.300233644859813
1211,00:00:50.459,0.9893264735539462,4.202711253894081,17.16632593457944,2.1030957943925235,5.193706191588785,5.311331775700935
1212,00:00:50.500,1.0116000793943347,4.341425720404985,18.665121203271028,2.212835864485981,5.380257009345795,5.431184287383178
1213,00:00:50.542,1.0096663269077837,4.387753115264798,21.672021028037385,2.261171144859813,5.440749123831775,5.461339077102804
1214,00:00:50.584,0.9971157988907764,4.421582943925234,25.014055198598133,2.1887777453271027,5.480176693925234,5.595794392523365
1215,00:00:50.626,0.976711834854486,4.417262947819315,23.040486273364486,2.229008469626168,5.485251168224299,5.537529205607477
1216,00:00:50.667,1.0076325479997197,4.591048481308412,24.734776577102803,2.380110981308411,5.654315128504673,5.738719334112149
1217,00:00:50.709,1.0184887518226138,4.689958138629284,21.048298773364486,2.4867479556074765,5.844407126168225,5.738719334112149
1218,00:00:50.751,0.9993810871631262,4.696286020249221,21.4579074182243,2.515077394859813,5.913113317757009,5.660667348130841
1219,00:00:50.792,0.9911700485180441,4.7146855529595015,25.228168808411215,2.4693706191588785,6.040413259345795,5.6342727803738315
1220,00:00:50.834,1.0071309961568946,4.8010854750778815,25.041983060747665,2.677679614485981,6.152307242990654,5.573269567757009
1221,00:00:50.876,1.0150567275418918,4.839417834890966,24.17621933411215,2.688741238317757,6.203490070093458,5.626022196261682
1222,00:00:50.917,1.0002526388123953,4.817976051401869,24.353095794392523,2.604519567757009,6.297349591121495,5.552058995327103
1223,00:00:50.959,0.9765282007797172,4.736784462616822,24.799941588785046,2.5118282710280373,6.258031542056075,5.440493574766355
1224,00:00:51.001,1.0222489629828442,4.889748831775701,22.95670268691589,2.7142231308411215,6.384856892523365,5.570166471962617
1225,00:00:51.043,1.0202699765515726,4.855407904984424,22.277124707943926,2.738135221962617,6.351124415887851,5.476964077102804
1226,00:00:51.084,0.9872413161589646,4.723130841121495,23.189434871495326,2.60868136682243,6.311258761682243,5.249452394859813
1227,00:00:51.126,0.9886649841720557,4.686112733644859,18.022780373831775,2.5780519859813085,6.303008177570093,5.177278037383178
1228,00:00:51.168,1.0080168823119593,4.70541277258567,19.707761390186917,2.6588785046728973,6.244669976635514,5.2126898364485985
1229,00:00:51.209,1.0149794306086017,4.675404010903427,17.445604556074766,2.539427570093458,6.292603679906542,5.19418078271028
1230,00:00:51.251,1.0044825962152737,4.587312597352025,12.344115070093459,2.405191296728972,6.265515478971962,5.09123101635514
1231,00:00:51.293,0.9814832720943725,4.4467727803738315,10.88255695093458,2.2965829439252334,6.108279789719626,4.935455607476635
1232,00:00:51.334,1.0017737652973528,4.439775603582555,12.818888726635514,2.3180490654205608,6.050744742990654,4.950533002336448
1233,00:00:51.376,1.0193239155203089,4.420171339563862,9.253431658878505,2.2577759929906542,6.017851927570093,4.984886098130841
1234,00:00:51.418,0.9907497466142946,4.273400992990655,10.472948306074766,2.127007885514019,5.809323890186916,4.883871203271028
1235,00:00:51.460,0.9814714281332105,4.185552959501558,13.079548773364486,2.074583820093458,5.626350759345795,4.855724299065421
1236,00:00:51.501,1.0037360117276513,4.207700545171339,12.092764310747663,2.082396320093458,5.617479556074766,4.923225759345795
1237,00:00:51.543,0.992174707976541,4.157004478193147,15.21137558411215,2.0725394275700935,5.55538113317757,4.843092873831775
1238,00:00:51.585,0.9913592980519197,4.152197721962616,16.793954439252335,2.0607841705607477,5.518582067757009,4.877226927570093
1239,00:00:51.626,0.25592461197339245,4.21371203271028,16.449510806074766,2.1468676985981308,5.570056950934579,4.924211448598131
1240,00:00:51.668,0.21450173014761312,4.175136292834891,13.787054614485982,2.0988244742990654,5.603570385514018,4.823014018691588
1241,00:00:51.710,4.176010694031404,53.37430636682243,170.96506279205607,67.83966121495327,43.462434287383175,48.82082359813084
1242,00:00:51.751,0.5979933768749587,16.117175330996886,57.16833382009346,19.92621933411215,11.254234813084112,17.171071845794394
1243,00:00:51.793,0.8954210888968689,26.618659949376948,78.09561185747664,33.0099664135514,25.43081921728972,21.41519421728972
1244,00:00:51.835,1.0166257259691012,23.640284267912772,62.78183411214953,35.279826226635514,21.759528329439252,13.88149824766355
1245,00:00:51.877,0.9925994198177547,25.778365946261683,76.39201226635514,39.75346816588785,21.988828855140188,15.59280081775701
1246,00:00:51.918,0.9207826698198591,24.500498929127726,73.41304030373831,40.200715537383175,18.238755841121495,15.062025408878505
1247,00:00:51.960,1.1039988541125951,29.12280957943925,79.15687061915888,45.222510221962615,21.769239193925234,20.376679322429908
1248,00:00:52.002,1.0325128163430235,27.8919027453271,67.51095210280374,42.35473860981308,23.14642961448598,18.174540011682243
1249,00:00:52.043,0.9820574695866725,27.346767912772588,60.88273948598131,39.11401139018692,25.387375876168225,17.538916471962615
1250,00:00:52.085,0.9829604976089402,27.084379867601246,65.63047605140187,38.58294392523364,26.210462908878505,16.459732768691588
1251,00:00:52.127,0.9966000306451697,27.28651917834891,61.71126606308411,39.56085718457944,26.10397196261682,16.194728387850468
1252,00:00:52.168,0.9742352241160127,27.690347546728972,70.87160484813084,39.43246203271028,25.67446699766355,17.964113609813083
1253,00:00:52.210,0.9575606005990679,27.39694071261682,69.98722254672897,41.971816588785046,23.26529643691589,16.953709112149532
1254,00:00:52.252,1.1445766573615377,31.922763337227412,80.11572721962617,47.21743574766355,27.787492698598133,20.76336156542056
1255,00:00:52.294,0.9265790565459626,27.54509832554517,72.92895735981308,41.413295852803735,27.78760221962617,13.434396904205608
1256,00:00:52.335,0.9814047251856851,28.929431950934582,66.17972400700934,42.19921875,30.035959404205606,14.55311769859813
1257,00:00:52.377,1.085214208634759,30.661811234423677,76.08480578271028,42.265405957943926,34.90665157710281,14.813376168224298
1258,00:00:52.419,0.9605821304409707,27.780629380841123,80.13434579439253,38.379052278037385,31.228351343457945,13.734484521028037
1259,00:00:52.460,0.9977816422053467,28.761463200934582,94.21929760514018,39.390807535046726,33.14778037383178,13.745801693925234
1260,00:00:52.502,0.9633788788116796,27.329767815420563,99.4418078271028,38.09404205607477,30.530154789719628,13.36510660046729
1261,00:00:52.544,1.0849913465075671,29.52942464953271,91.7616457359813,38.93125730140187,33.552278037383175,16.104738609813083
1262,00:00:52.585,1.0159983216177437,27.403122566199375,80.65566588785046,36.44761244158879,30.385988609813083,15.375766647196262
1263,00:00:52.627,0.9338484085939242,25.370753017912772,79.73404643691589,33.176876460280376,28.918808411214954,14.01657418224299
1264,00:00:52.669,0.9869153733801322,25.656542056074766,89.25744742990655,32.61620181074766,29.719042056074766,14.63438230140187
1265,00:00:52.711,1.0237789941351978,26.082737052180686,86.2877847546729,32.25598714953271,31.436331775700936,14.55589223130841
1266,00:00:52.752,0.9702110026572656,25.130183995327105,78.21663259345794,29.9596597546729,30.6905300817757,14.74036214953271
1267,00:00:52.794,1.0187208489079635,25.75020687305296,83.82082359813084,31.097948306074766,30.72579585280374,15.426876460280374
1268,00:00:52.836,1.0743498620045298,26.11760124610592,81.78208966121495,31.801985981308412,30.25313960280374,16.297678154205606
1269,00:00:52.877,0.9754045729904948,23.777477609034268,70.20133615654206,30.46666910046729,25.174430490654206,15.691333235981308
1270,00:00:52.919,0.9434952330982423,22.58271271417446,77.63945677570094,29.16745765186916,22.36163843457944,16.219042056074766
1271,00:00:52.961,0.9944843158063795,23.05764456775701,85.53373247663552,29.41822429906542,23.508871203271028,16.24583820093458
1272,00:00:53.003,0.9948851068283492,22.78793078271028,78.37489047897196,28.45929468457944,24.948926693925234,14.955570969626168
1273,00:00:53.044,1.045233044094472,23.593993380062305,58.369231892523366,27.776358060747665,28.149678738317757,14.855943341121495
1274,00:00:53.086,0.9920196161461654,22.386000778816197,67.9019421728972,25.850321261682243,26.59280081775701,14.714880257009346
1275,00:00:53.128,0.968854375573694,22.060224396417443,73.09652453271028,24.807681074766354,26.070531542056074,15.302460572429906
1276,00:00:53.169,0.9756206503336106,21.822198695482864,71.2160484813084,26.03950058411215,23.607002044392523,15.820093457943925
1277,00:00:53.211,1.065997384437767,23.275372371495326,78.99861273364486,26.62437938084112,26.039865654205606,17.161872079439252
1278,00:00:53.253,0.9628977911298222,21.748418029595015,79.64095356308411,24.42819071261682,23.814069801401867,17.002993574766354
1279,00:00:53.294,0.9645566023286282,21.706605334890966,78.61693195093459,24.423225759345794,23.21823890186916,17.478351343457945
1280,00:00:53.336,1.1032988930499597,23.541520638629283,93.74452394859813,24.95520589953271,28.563339661214954,17.106016355140188
1281,00:00:53.378,0.9961179378395393,21.451616043613708,91.28687207943925,24.38306804906542,24.959331191588785,15.012448890186915
1282,00:00:53.420,0.9610645453563798,20.442927375389406,73.67370035046729,23.005476051401867,23.487806658878505,14.83549941588785
1283,00:00:53.461,1.0190309865987508,20.44981503115265,84.42592727803738,23.606308411214954,23.801438376168225,13.941698306074766
1284,00:00:53.503,0.9908345357614552,19.641562013239874,73.86919538551402,24.013580607476637,21.771758177570092,13.139347254672897
1285,00:00:53.545,0.9255827354218641,18.73550671728972,73.89712324766356,23.19783148364486,19.354483060747665,13.654205607476635
1286,00:00:53.586,0.9641695113210657,19.66475613317757,69.68932535046729,24.93541910046729,20.018947137850468,14.039902161214954
1287,00:00:53.628,1.0399983532406258,21.211266063084114,70.88091413551402,27.512521904205606,21.74740800233645,14.37386828271028
1288,00:00:53.670,1.0483332494700297,21.993818146417443,73.36649386682242,28.72473714953271,21.43384929906542,15.822867990654206
1289,00:00:53.711,0.975098100957005,21.187840732087228,62.22327686915888,28.193268107476637,19.464770735981308,15.905483352803738
1290,00:00:53.753,0.9815337648625075,21.85532272196262,58.415778329439256,28.79278621495327,20.693888726635514,16.079293224299064
1291,00:00:53.795,0.9792755309934643,21.85532272196262,64.2899386682243,28.421035338785046,20.770699474299064,16.37423335280374
1292,00:00:53.837,1.1087979906286614,24.029023072429908,63.2100613317757,32.058739778037385,21.67004964953271,18.358279789719628
1293,00:00:53.878,1.0143611199808051,22.199206580996886,70.83436769859813,27.666873539719628,19.844808703271028,19.0859375
1294,00:00:53.920,0.9335229855320707,20.775092484423677,71.04848130841121,26.192136390186917,18.304212908878505,17.828928154205606
1295,00:00:53.962,0.953510703741183,20.88022050233645,66.4869304906542,27.716048481308412,17.206556658878505,17.71805636682243
1296,00:00:54.003,0.9969580845816945,21.90957213785047,53.69596962616822,30.35294976635514,17.974627628504674,17.401139018691588
1297,00:00:54.045,1.1012879362259338,22.709148656542055,58.81607768691589,32.1159097546729,18.258469626168225,17.753066588785046
1298,00:00:54.087,1.2194158600888159,23.54122858255452,60.659316588785046,33.209513726635514,17.5703125,19.843859521028037
1299,00:00:54.128,0.7851197931247336,16.15112684968847,54.85963054906542,22.040303738317757,12.657856308411215,13.75522050233645
1300,00:00:54.170,0.8355452383281087,16.45148218457944,56.8611273364486,24.399970794392523,11.477292640186915,13.477183119158878
1301,00:00:54.212,1.0964379890155969,19.584319022585667,55.3250949182243,26.936769859813083,14.564471378504672,17.251715829439252
1302,00:00:54.254,1.0210291494059927,19.48139359423676,48.51069655373832,26.916910046728972,14.701774240654206,16.8254964953271
1303,00:00:54.295,0.9722146525777594,19.363062207943926,52.10408148364486,25.34356746495327,15.629782418224298,17.115836740654206
1304,00:00:54.337,1.0903942189507703,20.921753309968846,49.627811039719624,26.93114778037383,17.62291910046729,18.21119304906542
1305,00:00:54.379,1.0333398938726264,19.67832457165109,54.71068195093458,25.694764894859812,16.836156542056074,16.504052278037385
1306,00:00:54.420,0.9411646424205369,18.22653816199377,48.11039719626168,23.338748539719628,15.093969042056075,16.246896904205606
1307,00:00:54.462,0.9221283770905495,17.662322332554517,42.34794830607477,23.118611273364486,13.97196261682243,15.896393107476635
1308,00:00:54.504,1.053017733196058,19.201360494548286,50.326007593457945,25.83064398364486,14.373503212616823,17.39993428738318
1309,00:00:54.545,1.121510409898896,19.509236273364486,48.333820093457945,25.39358206775701,14.316369742990654,18.817757009345794
1310,00:00:54.587,1.0538796195881155,17.54031590732087,47.25394275700935,22.646758177570092,13.042348130841122,16.931841413551403
1311,00:00:54.629,0.9863122241049331,15.178008177570092,48.175562207943926,21.485798773364486,9.947867990654206,14.10035776869159
1312,00:00:54.671,0.8889454540183057,12.685662480529595,41.826628212616825,16.926511390186917,8.826628212616823,12.303847838785046
1313,00:00:54.712,0.9238091524130827,11.81936331775701,39.713419976635514,16.494998539719628,7.812536507009346,11.150554906542055
1314,00:00:54.754,1.0741346168123702,12.544161312305297,41.78939106308411,17.417859228971963,9.18081921728972,11.033805490654206
1315,00:00:54.796,0.9302898634138931,10.768813278816198,34.64916764018692,14.546400408878505,7.910594334112149,9.849445093457945
1316,00:00:54.837,1.0228625396873756,11.439714758566979,38.745254088785046,15.76014894859813,8.365508177570094,10.19348714953271
1317,00:00:54.879,0.9517554648349987,10.499805295950155,39.95546144859813,14.876022196261681,6.610579731308412,10.012813960280374
1318,00:00:54.921,0.9900802590703007,10.923298773364486,38.326336156542055,14.862916179906541,7.798554322429907,10.10842581775701
1319,00:00:54.962,1.0048905336161287,10.996337130062306,40.430235105140184,14.551803446261681,8.448160046728972,9.989047897196262
1320,00:00:55.004,1.0139013870528142,11.19510562694704,35.3194363317757,15.222291179906541,8.069217289719626,10.293808411214954
1321,00:00:55.046,1.0191695822056903,11.153073890186915,36.213127920560744,15.433812792056075,8.257301401869158,9.768107476635514
1322,00:00:55.088,0.9966214055630653,11.093737830996885,35.36598276869159,14.64686769859813,8.743246203271028,9.891099591121495
1323,00:00:55.129,0.9357217964175226,10.48800136292835,32.55457797897196,13.37821261682243,8.138872663551401,9.946918808411215
1324,00:00:55.171,1.0992585853470829,11.689203660436137,31.3350613317757,15.644056658878505,8.514748831775702,10.908805490654206
1325,00:00:55.213,1.0047052435305703,10.897829049844235,31.586412091121495,14.927278037383177,8.026978679906541,9.73923043224299
1326,00:00:55.254,0.8678467385667682,10.055295950155765,28.23506863317757,14.358352803738319,6.27873101635514,9.528804030373832
1327,00:00:55.296,1.0135875394478735,11.154668029595015,29.89212178738318,15.047933703271028,7.220794392523365,11.195275992990654
1328,00:00:55.338,1.1796904096701704,12.604251849688472,31.707432827102803,16.14314398364486,8.78030081775701,12.88931074766355
1329,00:00:55.379,0.9038077410955748,10.463164427570094,28.290924357476637,14.062974591121495,7.263361565420561,10.063157126168225
1330,00:00:55.421,0.9346070584945964,11.064361857476635,28.69122371495327,15.34349445093458,6.6437646028037385,11.20582651869159
1331,00:00:55.463,0.9768478562690901,11.483754380841122,29.147378796728972,16.49017961448598,6.606746495327103,11.35433703271028
1332,00:00:55.505,1.061123816487853,12.802898656542057,29.389420268691588,17.25062061915888,6.699474299065421,14.45860105140187
1333,00:00:55.546,1.0113996309124964,12.693292445482866,31.558484228971963,16.43045414719626,6.795268691588785,14.85415449766355
1334,00:00:55.588,1.0011103935125136,13.020249221183802,30.4227511682243,16.55884929906542,6.812719042056075,15.689179322429906
1335,00:00:55.630,0.9587513521754926,12.89399581386293,30.627555490654206,16.980614778037385,6.9063230140186915,14.79504964953271
1336,00:00:55.671,0.9763417892149652,13.633043711059189,30.329658294392523,17.09842289719626,7.341851635514018,16.45885660046729
1337,00:00:55.713,0.9947968989182409,14.44836691978193,34.295414719626166,18.349335572429908,8.044721086448599,16.95104410046729
1338,00:00:55.755,1.0252753899595926,15.490958430685358,36.81823160046729,19.756972838785046,8.984228971962617,17.731673481308412
1339,00:00:55.796,1.0480995928832308,16.077747760903428,38.205315420560744,19.40278183411215,10.017048773364486,18.813412675233646
1340,00:00:55.838,1.0507483579958004,16.277124707943926,38.838346962616825,20.824109228971963,9.885915595794392,18.12134929906542
1341,00:00:55.880,0.9444317532404944,15.143168321651089,36.501715829439256,19.15493574766355,9.009163259345794,17.265405957943926
1342,00:00:55.922,0.9507750275271601,15.252056561526478,43.632629964953274,19.275372371495326,8.94713785046729,17.53365946261682
1343,00:00:55.963,1.0733151582471083,16.52970453660436,43.26956775700935,19.369122371495326,10.73116238317757,19.488828855140188
1344,00:00:56.005,1.0972070162265213,16.2168394665109,42.92512412383178,18.14880257009346,11.34634199766355,19.1553738317757
1345,00:00:56.047,1.034427292600392,14.990362149532709,41.202905957943926,18.343165887850468,10.188996787383177,16.438923773364486
1346,00:00:56.088,0.8707735002909059,12.348313376168226,34.453672605140184,15.89270589953271,8.029899240654206,13.122334988317757
1347,00:00:56.130,1.0033810128239427,12.870984228971963,37.032345210280376,16.110105140186917,7.612952686915888,14.889894859813085
1348,00:00:56.172,1.074744787738331,12.645237052180685,40.486090829439256,16.257849007009344,7.278877044392523,14.398985105140186
1349,00:00:56.214,0.9582793245704437,11.326543029595015,38.68008907710281,14.528438960280374,6.125,13.326190128504672
1350,00:00:56.255,0.8824723594334273,10.517377336448597,37.00441734813084,14.185747663551401,5.878869742990654,11.487514602803738
1351,00:00:56.297,0.9428422754937021,11.245071553738319,34.03475467289719,15.703526577102803,6.7023583528037385,11.32932973130841
1352,00:00:56.339,1.0565813555700305,12.455473617601248,39.69480140186916,16.11277015186916,7.794867114485982,13.458783586448599
1353,00:00:56.380,1.1068693796926152,13.407722449376946,40.95155519859813,17.063741238317757,7.715865946261682,15.443560163551401
1354,00:00:56.422,0.9059515015137951,11.983693535825545,34.807425525700936,15.162894275700934,6.829694801401869,13.958491530373832
1355,00:00:56.464,0.9456872896910714,12.768533391744548,34.35127044392523,16.022634345794394,7.5251898364485985,14.757775992990654
1356,00:00:56.505,1.0968987474447962,14.279242114485982,43.418516355140184,16.0243136682243,9.311733352803738,17.501679322429908
1357,00:00:56.547,1.1227892612735733,14.336764992211839,39.14555344626168,16.19140625,9.818304614485982,17.000584112149532
1358,00:00:56.589,1.0351922435006713,12.982330607476635,45.12211594626168,15.289537091121495,8.17421144859813,15.48324328271028
1359,00:00:56.631,0.9246605624964346,11.045426888629285,37.4791910046729,13.82283148364486,6.266026577102804,13.047422605140186
1360,00:00:56.672,0.9692509495369674,10.502506814641746,31.167494158878505,12.53238171728972,6.021210572429907,12.953928154205608
1361,00:00:56.714,0.9450564169357036,9.95993964174455,35.4032199182243,12.190749123831775,5.466815128504673,12.222254672897197
1362,00:00:56.756,0.8559026642198934,9.355079341900312,31.130257009345794,12.47681804906542,5.2265625,10.361857476635514
1363,00:00:56.797,1.0281217461977243,11.252944898753894,32.48010367990654,13.456629672897197,6.238609813084112,14.063595210280374
1364,00:00:56.839,1.0460088450817124,12.004904108255452,33.457578855140184,14.192830023364486,6.842910338785047,14.978971962616823
1365,00:00:56.881,1.0275343147228242,12.460669781931465,37.08820093457944,15.28333089953271,7.346780081775701,14.751898364485982
1366,00:00:56.922,1.0318923644010296,12.838772877725859,38.68008907710281,16.56049211448598,7.500182535046729,14.45564398364486
1367,00:00:56.964,0.998404017734224,12.410448306074768,33.01073306074766,15.876058703271028,7.074364778037383,14.280921436915888
1368,00:00:57.006,1.091270181564875,12.891854069314642,35.54285922897196,15.660448306074766,7.424503504672897,15.590610397196262
1369,00:00:57.048,1.0171622791644146,11.529850564641746,35.226343457943926,13.878760221962617,6.696882301401869,14.013909170560748
1370,00:00:57.089,1.0499349300574348,10.475418613707165,34.39781688084112,13.037638726635514,5.901066004672897,12.487551109813085
1371,00:00:57.131,1.0855757778352566,9.563522196261683,35.617333528037385,12.381753796728972,5.124123831775701,11.184688960280374
1372,00:00:57.173,0.6810093608043771,5.923602998442367,21.327577394859812,8.429468457943925,2.915997371495327,6.425343165887851
1373,00:00:57.214,0.9477993075462626,7.309652453271028,26.689726927570092,9.85477511682243,3.3723714953271027,8.70181074766355
1374,00:00:57.256,1.014986092342202,7.444485007788161,25.67501460280374,9.633214077102803,3.8299503504672896,8.870290595794392
1375,00:00:57.298,1.0026224614769388,7.917335961838006,25.32126168224299,9.883433119158878,3.9198306074766354,9.948744158878505
1376,00:00:57.339,1.0268693755050742,8.187682535046727,25.721561039719628,10.04592581775701,4.434031834112149,10.083089953271028
1377,00:00:57.381,1.0787049515264113,8.644689447040498,27.015551985981308,10.53004526869159,4.342034170560748,11.061988901869158
1378,00:00:57.423,0.9828959994116057,7.8872541861370715,27.11795414719626,9.84375,3.9757958528037385,9.842216705607477
1379,00:00:57.465,1.0077222117667637,8.063534365264799,25.06060163551402,10.164683119158878,3.8441880841121496,10.181731892523365
1380,00:00:57.506,0.8841401723714877,7.202114972741431,21.830278913551403,8.256644275700934,3.6681877920560746,9.68151285046729
1381,00:00:57.548,1.0352993312322825,8.272914232866045,27.592727803738317,9.850540303738319,4.353606892523365,10.61459550233645
1382,00:00:57.590,1.0502461148857178,8.359886098130842,25.721561039719628,9.444983936915888,4.436258761682243,11.198415595794392
1383,00:00:57.631,1.0099726638016109,8.337835864485982,24.613755841121495,9.57838054906542,4.177679614485982,11.257447429906541
1384,00:00:57.673,0.957621563707026,8.02685698987539,23.33838346962617,9.558520735981308,4.099262558411215,10.422787675233645
1385,00:00:57.715,0.9723582573604009,8.362368574766355,26.298736857476637,10.053847838785046,3.7734009929906542,11.259856892523365
1386,00:00:57.756,0.9573663633927924,8.468214563862928,25.47021028037383,9.987186039719626,4.201701226635514,11.215756425233645
1387,00:00:57.798,1.0553278138406113,9.567452784267912,27.70443925233645,10.733462324766355,4.841084988317757,13.127811039719626
1388,00:00:57.840,1.0110124653902337,9.424613025700934,25.991530373831775,10.288186331775702,4.863828855140187,13.121823890186915
1389,00:00:57.882,1.0324852914499274,10.008238415109034,30.124853971962615,10.95721378504673,5.053957359813084,14.01354410046729
1390,00:00:57.923,0.891997797095595,9.243915498442368,29.83626606308411,9.441077686915888,4.920889310747664,13.36977949766355
1391,00:00:57.965,0.9858400802860333,10.537407515576325,31.521247079439252,10.203490070093459,5.394312207943925,16.014420268691588
1392,00:00:58.007,1.0478074299498321,11.482379283489097,31.195422021028037,11.437171436915888,6.0396831191588785,16.970283294392523
1393,00:00:58.048,1.0303534301365733,12.02050477024922,33.90442464953271,11.46718019859813,6.2813230140186915,18.31301109813084
1394,00:00:58.090,1.0069347378990885,12.032101830218068,31.30713346962617,11.667895735981308,6.645115362149533,17.783294392523363
1395,00:00:58.132,0.6432510415181489,12.613670658099688,30.26449328271028,11.997006425233645,6.969005549065421,18.875
1396,00:00:58.173,0.6670765899134904,11.680393302180685,29.72455461448598,11.77186769859813,6.307936623831775,16.96137558411215
1397,00:00:58.215,5.8661526965877036,42.704001168224295,113.40573890186916,23.643509053738317,44.948999707943926,59.51949474299065
1398,00:00:58.257,0.18343743716783897,2.689520054517134,23.124269859813083,1.2287894275700935,2.771977219626168,4.06779351635514
1399,00:00:58.299,0.16885189506477263,2.13533148364486,17.92037821261682,1.0400481892523366,2.2125073014018692,3.153438960280374
1400,00:00:58.340,0.7451735517991355,2.1274094626168227,19.53088492990654,0.9511171144859814,2.2812865070093458,3.14982476635514
1401,00:00:58.382,1.0770920610610277,3.063789914330218,21.95129964953271,1.3701080607476634,3.323123539719626,4.498138142523365
1402,00:00:58.424,1.1063805449429205,3.531030957943925,24.390332943925234,1.5264310747663552,3.993647780373832,5.073014018691588
1403,00:00:58.465,0.9799819999367834,3.5842338395638627,21.476525992990656,1.1842143691588785,4.565530081775701,5.002957067757009
1404,00:00:58.507,1.0148074108228713,3.990629867601246,26.950386974299064,1.3463419976635513,5.018691588785047,5.60685601635514
1405,00:00:58.549,0.9620482908596178,4.0443438473520255,23.124269859813083,1.1201810747663552,4.984959112149533,6.027891355140187
1406,00:00:58.590,1.0621737221291614,4.569996105919003,26.09393253504673,1.6176255841121496,5.124890478971962,6.967472254672897
1407,00:00:58.632,1.074931297282348,4.670694606697819,25.786726051401867,1.700825058411215,5.140296436915888,7.170962324766355
1408,00:00:58.674,1.0298898035216686,4.504307827102804,25.451591705607477,1.657491238317757,4.9367333528037385,6.918698890186916
1409,00:00:58.716,1.021787793846376,4.2617917640186915,26.922459112149532,1.8027526285046729,4.582432827102804,6.4001898364485985
1410,00:00:58.757,0.9921513236890895,3.9918467679127723,29.89212178738318,1.5712251752336448,4.332578855140187,6.071736273364486
1411,00:00:58.799,0.8738852405355532,3.5168175623052957,35.151869158878505,1.479592581775701,3.8507228387850465,5.22013726635514
1412,00:00:58.841,0.9641642362818924,3.8107841705607477,36.427241530373834,1.550963785046729,4.0141647196261685,5.867224007009346
1413,00:00:58.882,1.0501453240818126,4.032965829439252,31.40953563084112,1.881060163551402,4.1998393691588785,6.017997955607477
1414,00:00:58.924,1.131299577535092,4.268058800623053,31.11163843457944,1.8484959112149533,4.479154497663552,6.476525992990654
1415,00:00:58.966,0.9883729657480762,3.7658927180685358,33.42034170560748,1.821371203271028,3.880658586448598,5.595648364485982
1416,00:00:59.008,0.8943135688728895,3.481174552180685,36.222437207943926,1.5971451518691588,3.5144567757009346,5.331921728971962
1417,00:00:59.049,0.8990579586362227,3.458576713395639,35.47769421728972,1.6088639018691588,3.5313230140186915,5.235543224299065
1418,00:00:59.091,1.0984408061980946,4.0777355919003115,34.64916764018692,1.7902307242990654,4.22769421728972,6.215281834112149
1419,00:00:59.133,1.059776941524524,4.062755549065421,33.764785338785046,1.7683265186915889,4.169465537383178,6.250474591121495
1420,00:00:59.174,0.9239254497174331,3.8466705607476634,29.854884637850468,1.6562865070093458,3.9266209112149535,5.9571042640186915
1421,00:00:59.216,0.9449407793266014,3.9513970015576327,31.30713346962617,1.6059068341121496,4.209586740654205,6.038697429906542
1422,00:00:59.258,1.1572015431905827,4.561709014797508,30.180709696261683,1.696590245327103,4.94783148364486,7.040705315420561
1423,00:00:59.299,1.0639511003337663,4.255403037383178,30.553081191588785,1.5745838200934579,4.543260806074766,6.6483644859813085
1424,00:00:59.341,0.911433715621669,3.714600369937695,34.25817757009346,1.336667640186916,3.949620327102804,5.857513142523365
1425,00:00:59.383,0.9898426038839123,3.7707846573208723,33.31793954439252,1.392377336448598,4.049686039719626,5.870290595794392
1426,00:00:59.425,0.9919920180179594,3.714332651869159,36.12934433411215,1.3492260514018692,4.008323598130841,5.785448306074766
1427,00:00:59.466,0.922582367501939,3.5535801207165107,34.853971962616825,1.2512047313084111,3.8191442757009346,5.590391355140187
1428,00:00:59.508,1.0114115615697734,3.9383031542056073,42.09659754672897,1.4147196261682242,4.175671728971962,6.224518107476635
1429,00:00:59.550,1.0019818465913002,3.9836813668224296,40.87708089953271,1.3411945093457944,4.3900043808411215,6.219845210280374
1430,00:00:59.591,1.0636923988827787,4.323878017912772,35.384601343457945,1.407491238317757,4.65946261682243,6.904680198598131
1431,00:00:59.633,1.001689413357549,4.087446456386293,31.623649240654206,1.2244816004672898,4.5024459696261685,6.535411799065421
1432,00:00:59.675,1.051215473063516,4.250450253115265,29.091523072429908,1.3278694509345794,4.640259929906542,6.783221378504673
1433,00:00:59.716,0.9330645690382627,3.764201226635514,22.025773948598133,1.10225613317757,4.1743209696261685,6.016026577102804
1434,00:00:59.758,1.0456312943043036,3.9979434384735204,25.870509637850468,1.2743866822429906,4.311441296728972,6.4080023364485985
1435,00:00:59.800,1.0147513995677644,3.801097644080997,21.709258177570092,1.0577905957943925,4.397926401869159,5.947575934579439
1436,00:00:59.842,0.9212511119992781,3.4781444704049846,16.756717289719628,1.0770297897196262,3.8954074182242993,5.461996203271028
1437,00:00:59.883,1.0608790274531175,3.743075837227414,20.257009345794394,1.1749780957943925,4.193195093457944,5.861054322429907
1438,00:00:59.925,0.9733012030554266,3.5597132982866047,24.97681804906542,1.1757447429906542,3.9648802570093458,5.538514894859813
1439,00:00:59.967,0.7937604177422447,3.2741554711838003,21.281030957943926,1.004088785046729,3.7561331775700935,5.062244450934579
1440,00:01:00.008,0.9450036057851119,4.134065907320872,23.14288843457944,1.3174284462616823,4.7712835864485985,6.313485689252336
1441,00:01:00.050,1.0807233657314381,5.062609521028037,32.25668078271028,1.6199255257009346,5.841450058411215,7.726452978971962
1442,00:01:00.092,1.0705464388428354,5.602146612149532,33.345867406542055,1.800963785046729,6.542092581775701,8.463383469626168
1443,00:01:00.133,1.0044442832006093,5.72748734423676,28.486419392523363,1.7964734228971964,6.65442464953271,8.731563960280374
1444,00:01:00.175,0.9922674597683303,6.007751654984424,29.72455461448598,2.108279789719626,6.853570385514018,9.061404789719626
1445,00:01:00.217,0.9502799081452753,6.136073792834892,28.244377920560748,2.299357476635514,7.038660922897196,9.070202978971963
1446,00:01:00.259,1.0233731169043137,6.752567659657321,32.647670852803735,2.3564909462616823,7.936587324766355,9.964624707943925
1447,00:01:00.300,1.146242178975166,7.340683411214954,31.428154205607477,2.612916179906542,8.724116530373832,10.685017523364486
1448,00:01:00.342,1.0866622644579063,6.908866335669782,29.69662675233645,2.6412456191588785,8.085974007009346,9.999379380841122
1449,00:01:00.384,0.9439204094020343,5.819010416666667,31.11163843457944,2.2729629088785046,6.734849591121495,8.44921875
1450,00:01:00.425,0.986971132372838,5.519251362928348,28.989120911214954,2.1794319509345796,6.364120911214953,8.014201226635514
1451,00:01:00.467,0.9606752116012847,4.890101732866044,29.57560601635514,1.8287456191588785,5.645188376168225,7.196371203271028
1452,00:01:00.509,0.3083221525542033,4.75046242211838,29.529059579439252,1.768655081775701,5.4967143691588785,6.986017815420561
1453,00:01:00.550,0.2506812144744309,4.272378796728972,26.89453125,1.673116238317757,4.816041179906542,6.327978971962617
1454,00:01:00.592,5.821055029814354,46.948123539719624,104.4222765771028,47.461704147196265,37.937025408878505,55.44564106308411
1455,00:01:00.634,0.6279847202116781,11.583613220404985,35.915230724299064,16.302752628504674,6.624160338785047,11.823926693925234
1456,00:01:00.676,0.5792191588489717,11.654448987538942,33.65307389018692,16.545889310747665,6.670305198598131,11.747152453271028
1457,00:01:00.717,0.986076996888673,10.90781980140187,33.88580607476636,16.100321261682243,5.775700934579439,10.847437207943925
1458,00:01:00.759,1.0403733792472578,11.044307340342678,28.905337324766354,17.42231308411215,5.5749853971962615,10.135623539719626
1459,00:01:00.801,1.0037812750426347,9.964965440031152,29.45458528037383,15.084185163551401,5.615617698598131,9.195093457943925
1460,00:01:00.842,1.0822324764516316,9.93562597352025,27.946480724299064,15.337397780373832,5.366785922897196,9.10269421728972
1461,00:01:00.884,0.9029472561881423,7.821955315420561,20.219772196261683,12.692464953271028,3.753249123831776,7.0201518691588785
1462,00:01:00.926,1.0531525434188522,7.8914768302180685,24.43687938084112,13.08966121495327,3.586594626168224,6.99817464953271
1463,00:01:00.967,0.9849936495966721,6.858705704828662,21.802351051401867,11.07768691588785,3.026832651869159,6.471597546728972
1464,00:01:01.009,0.7558238617460918,5.356490946261682,20.284937207943926,8.830424941588785,2.1355505257009346,5.103497371495327
1465,00:01:01.051,1.0547171328687868,6.78286847741433,19.57743136682243,11.579548773364486,2.3749269859813085,6.394129672897196
1466,00:01:01.093,1.1067586048791285,6.814775603582554,21.215865946261683,11.313595210280374,3.0591778621495327,6.071553738317757
1467,00:01:01.134,1.0832185048818708,6.693961740654205,25.032673773364486,11.57673773364486,2.3165157710280373,6.18863171728972
1468,00:01:01.176,0.8998228486931372,5.796351732866044,18.218275408878505,9.47422605140187,2.6485470210280373,5.266282126168225
1469,00:01:01.218,0.8168473243895861,5.324790693146418,21.5416910046729,8.987259053738319,1.8365581191588785,5.150554906542056
1470,00:01:01.259,1.1636880947846098,6.933106989875388,22.5377847546729,11.808484228971963,2.548627336448598,6.442209404205608
1471,00:01:01.301,1.0462281725551899,6.65141890576324,24.21345648364486,11.648583528037383,2.0772853387850465,6.22838785046729
1472,00:01:01.343,0.8772341082485103,6.058934482087228,21.15070093457944,10.193377628504672,1.8496276285046729,6.133798189252336
1473,00:01:01.384,1.1076410288720675,7.113256911993769,22.696042640186917,11.938485689252337,2.448671144859813,6.952613901869159
1474,00:01:01.426,1.0411599078509526,6.92966316199377,20.396648656542055,12.230943341121495,2.124853971962617,6.433192172897196
1475,00:01:01.468,0.833121349033163,6.0479337032710285,22.10955753504673,10.598313376168225,1.8912821261682242,5.654205607476635
1476,00:01:01.510,1.0755218692705764,7.4027331580996885,23.72006425233645,12.339880257009346,2.890625,6.97769421728972
1477,00:01:01.551,1.0723070074269891,7.591815128504673,22.966011974299064,13.28931804906542,2.703782126168224,6.782345210280374
1478,00:01:01.593,0.9304721951394046,6.962276090342679,23.67351781542056,12.251861857476635,2.313157126168224,6.321809287383178
1479,00:01:01.635,1.057004832489688,7.906615070093458,20.126679322429908,13.907272196261681,3.025189836448598,6.787383177570093
1480,00:01:01.676,0.9590237220596475,7.028913551401868,24.25069363317757,12.019458235981308,2.8272853387850465,6.239997079439252
1481,00:01:01.718,1.2562791588856161,8.337823695482866,24.930271612149532,13.90373101635514,3.670816296728972,7.438923773364486
1482,00:01:01.760,0.9192028199516522,6.110238999221184,20.796948014018692,10.125547605140186,2.610032126168224,5.59513726635514
1483,00:01:01.802,0.8629821915977934,5.501910533489096,19.73568925233645,9.172386098130842,2.352110105140187,4.9812353971962615
1484,00:01:01.843,0.9919950368595474,5.720648364485981,19.91256571261682,9.533367406542055,2.4327540887850465,5.195823598130841
1485,00:01:01.885,0.8442782988290072,5.333138629283488,21.038989485981308,8.788587908878505,1.9754672897196262,5.235360689252336
1486,00:01:01.927,0.9165495347364876,6.121957749221185,21.504453855140188,10.804176401869158,2.297787675233645,5.263909170560748
1487,00:01:01.968,1.1220892881841138,7.922690323208722,24.232075058411215,13.52413113317757,3.0437719042056073,7.200167932242991
1488,00:01:02.010,0.9290779494440997,7.740934092679127,23.571115654205606,12.542165595794392,3.364522488317757,7.316114193925234
1489,00:01:02.052,0.9805324966737506,9.046607281931465,24.232075058411215,14.545998831775702,4.076445677570093,8.517377336448599
1490,00:01:02.093,1.0749280698963168,10.236127336448597,23.357002044392523,18.131899824766354,3.737916179906542,8.838566004672897
1491,00:01:02.135,1.0898168559084314,11.005123150311526,22.07232038551402,18.89825496495327,4.522524824766355,9.594589661214954
1492,00:01:02.177,0.9466987478978506,10.29779984423676,20.033586448598133,17.32750438084112,4.248357184579439,9.31753796728972
1493,00:01:02.219,0.978710443526001,10.812025408878505,19.921875,18.534937207943926,4.245144567757009,9.65599445093458
1494,00:01:02.260,1.0536934928483752,11.45707992601246,22.398145443925234,20.37751898364486,4.111930490654205,9.881790303738319
1495,00:01:02.302,1.009083793414478,11.428860007788161,22.584331191588785,19.812098422897197,4.376642815420561,10.09783878504673
1496,00:01:02.344,0.9446605059407001,10.954341900311526,24.958199474299064,18.39252336448598,4.434652453271028,10.03584988317757
1497,00:01:02.385,1.0493212397060239,12.08046144859813,22.658805490654206,21.496677862149532,4.32743136682243,10.41727511682243
1498,00:01:02.427,0.9578744640960292,11.417847059968848,26.000839661214954,20.096999123831775,4.180965245327103,9.975576810747663
1499,00:01:02.469,1.015755498279143,12.249525408878505,27.443779205607477,21.45363609813084,4.551292348130841,10.743647780373832
1500,00:01:02.510,1.039496427123603,12.395602122274143,24.75339515186916,21.099883177570092,4.679468457943925,11.40745473130841
1501,00:01:02.552,1.047473154753976,12.344175915109034,23.431476343457945,21.073817172897197,4.50529351635514,11.453417056074766
1502,00:01:02.594,1.0197667637090893,11.686940225856697,21.49514456775701,19.62353971962617,4.392815420560748,11.044465537383177
1503,00:01:02.636,0.9545244951196784,10.806804906542057,20.90865946261682,17.606125876168225,4.4303081191588785,10.383980724299066
1504,00:01:02.677,0.904807778947996,10.295037480529594,19.5495035046729,15.630877628504672,4.728679906542056,10.525554906542055
1505,00:01:02.719,0.954922938442993,10.96049941588785,23.114960572429908,16.88821553738318,4.923773364485982,11.069509345794392
1506,00:01:02.761,1.0312698715006643,12.058350369937694,20.554906542056074,19.61959696261682,5.19071261682243,11.364741530373832
1507,00:01:02.802,1.022157678271165,12.75136292834891,20.983133761682243,20.57535046728972,5.915668808411215,11.763069509345794
1508,00:01:02.844,0.9559641982684256,12.76398218457944,21.95129964953271,19.89011390186916,6.051730432242991,12.350102219626168
1509,00:01:02.886,1.0086983741224729,14.116956288940811,23.91555928738318,22.599810163551403,6.376788843457944,13.374269859813085
1510,00:01:02.927,0.9723250948527642,14.48111370716511,25.256096670560748,23.47681804906542,6.476197429906542,13.490325642523365
1511,00:01:02.969,1.0386972318113363,15.98442367601246,25.488828855140188,26.758396612149532,6.6687353971962615,14.52613901869159
1512,00:01:03.011,1.0463431511818608,16.70777355919003,25.09783878504673,28.311331775700936,6.599773656542056,15.212215245327103
1513,00:01:03.053,0.976126888564247,16.24981746495327,24.97681804906542,27.263653621495326,6.524642231308412,14.961156542056075
1514,00:01:03.094,1.03457478084953,17.155751070872274,28.225759345794394,29.60696553738318,6.261390186915888,15.598897488317757
1515,00:01:03.136,0.9956494449581961,16.74100710669782,27.47170706775701,28.98966851635514,5.824072721962617,15.409280081775702
1516,00:01:03.178,0.989939260353283,16.631072332554517,26.419757593457945,27.942391939252335,5.918005257009346,16.032819801401867
1517,00:01:03.219,1.070112940485191,17.219991238317757,26.4383761682243,28.771831191588785,5.926620911214953,16.961521612149532
1518,00:01:03.261,0.9992662505098636,16.083625389408102,27.27621203271028,26.790157710280372,5.877409462616822,15.583308995327103
1519,00:01:03.303,0.9099633798240931,14.911300136292832,26.540778329439252,24.018472546728972,5.764383761682243,14.95104410046729
1520,00:01:03.344,0.9920880710062052,15.619377920560746,23.850394275700936,25.109594042056074,5.879636390186916,15.868903329439252
1521,00:01:03.386,1.092897735568444,16.62381960669782,24.967508761682243,27.23324328271028,5.912857768691588,16.725357768691588
1522,00:01:03.428,0.9787629339721508,15.357026382398752,24.05519859813084,24.66997663551402,5.669684579439252,15.73141793224299
1523,00:01:03.470,0.9630138819154666,14.95538843457944,24.502044392523363,24.209075642523363,5.589040595794392,15.06804906542056
1524,00:01:03.511,1.086264469341909,15.562378309968848,25.70294246495327,24.60207359813084,5.8326518691588785,16.25240946261682
1525,00:01:03.553,1.046350063279183,14.575873734423675,25.796035338785046,22.774678738317757,5.487186039719626,15.465756425233645
1526,00:01:03.595,0.8777787000984495,12.417749707943926,25.460900992990656,19.019494742990656,4.83203125,13.401723130841122
1527,00:01:03.636,0.9341566639992888,12.785314447040498,23.971415011682243,19.23576226635514,4.907856308411215,14.21232476635514
1528,00:01:03.678,1.0212851302428037,13.663587908878506,20.508360105140188,20.823379088785046,4.871385806074766,15.295998831775702
1529,00:01:03.720,1.0694204730562622,14.088699863707165,25.032673773364486,21.374598422897197,4.918698890186916,15.972802278037383
1530,00:01:03.761,1.1217066994238305,14.223508080218068,24.995436623831775,21.495801693925234,5.067683995327103,16.107038551401867
1531,00:01:03.803,0.9634521708797676,12.024167640186917,21.411360981308412,17.915267231308412,4.358060747663552,13.799174941588785
1532,00:01:03.845,0.9082034183792095,10.944497176791275,19.88463785046729,16.079220210280372,3.9251971378504673,12.82907418224299
1533,00:01:03.887,0.9384537418551875,10.664476246105918,19.260915595794394,15.620874707943925,3.915522780373832,12.45703125
1534,00:01:03.928,1.03131490360434,11.290693146417444,22.668114778037385,16.36441296728972,4.060784170560748,13.44688230140187
1535,00:01:03.970,1.0123538159289678,11.196164330218068,23.59904351635514,16.234922605140188,4.123795268691588,13.22977511682243
1536,00:01:04.012,0.9870454595150111,10.986309871495328,24.204147196261683,15.125912675233645,4.288478387850467,13.54453855140187
1537,00:01:04.053,1.0452502851506595,11.29666812694704,26.261499707943926,15.61901285046729,4.6600832359813085,13.610908294392523
1538,00:01:04.095,1.0335693805458992,10.738475954049845,23.21736273364486,14.901504088785046,4.32951226635514,12.984411507009346
1539,00:01:04.137,1.0092061309085432,10.309530763239875,23.031176985981308,14.171400408878505,4.099518107476635,12.657673773364486
1540,00:01:04.178,0.8374968209427057,8.966291861370715,20.638690128504674,12.487916179906541,3.448123539719626,10.962835864485982
1541,00:01:04.220,0.9146617330663348,9.860506717289718,20.96451518691589,13.992990654205608,3.901248539719626,11.687280957943925
1542,00:01:04.262,1.1070639577609696,11.915729653426792,22.593640478971963,17.010477511682243,4.754015771028038,13.982695677570094
1543,00:01:04.304,0.9857490962160979,11.930429809190032,19.009564836448597,17.115070093457945,4.8124269859813085,13.863792348130842
1544,00:01:04.345,0.9040490132287494,12.296217873831777,23.692136390186917,17.614851051401867,5.266720210280374,14.007082359813085
1545,00:01:04.387,0.5495833009763981,14.339174454828658,27.611346378504674,21.196152161214954,5.792932242990654,16.028438960280372
1546,00:01:04.429,0.6851881886742114,16.21976002725857,25.32126168224299,23.562098422897197,6.355359228971962,18.74182242990654
1547,00:01:04.470,6.818575249336073,63.9175671728972,131.7729629088785,56.02825642523364,61.72364193925234,74.00080315420561
1548,00:01:04.512,0.1929670831414324,4.134954244548287,8.117698598130842,3.7403621495327104,3.630147488317757,5.034353095794392
1549,00:01:04.554,0.15201237603256,2.8022536993769465,4.738427278037383,2.8375803154205608,2.240398656542056,3.328782126168224
1550,00:01:04.595,0.8740575697379218,2.7735713590342677,4.729117990654205,3.1229191004672896,2.0086156542056073,3.1891793224299065
1551,00:01:04.637,1.0657576321149642,2.9114218263239877,4.124014310747664,3.049320969626168,2.2111565420560746,3.4737879672897196
1552,00:01:04.679,1.0272608004852224,2.8442245911214954,4.431220794392523,2.9586740654205608,2.2108279789719627,3.3631717289719627
1553,00:01:04.721,0.8946902155267878,2.5070945288161997,5.59488171728972,2.625912675233645,2.044209988317757,2.851160922897196
1554,00:01:04.762,1.0312121165954613,2.8828976830218074,4.8594480140186915,3.113463785046729,2.248028621495327,3.2872006425233646
1555,00:01:04.804,0.9079394351681395,2.570227316978193,4.710499415887851,2.7518618574766354,1.953672605140187,3.005147488317757
1556,00:01:04.846,1.180981047593655,3.261012947819315,6.041727511682243,3.472510221962617,2.455023364485981,3.8555052570093458
1557,00:01:04.887,0.9525775968455915,2.67233742211838,4.663952978971962,2.7523729556074765,2.123576226635514,3.1410630841121496
1558,00:01:04.929,1.0683623385399097,2.919635903426791,6.041727511682243,3.132995035046729,2.2146247079439254,3.4112879672897196
1559,00:01:04.971,0.9899397457448404,2.4706240264797508,4.989778037383178,2.516866238317757,1.949547313084112,2.945458528037383
1560,00:01:05.013,1.079606431934584,2.527282904984424,4.403292932242991,2.7526285046728973,1.8379088785046729,2.9913113317757007
1561,00:01:05.054,0.8364501294417074,1.8636706580996885,3.8447356892523366,1.9990873247663552,1.4319509345794392,2.159973714953271
1562,00:01:05.096,1.0041760062089855,2.109788746105919,2.662456191588785,2.433776285046729,1.5179979556074767,2.3775919976635516
1563,00:01:05.138,0.8966864191558834,1.8045901479750777,4.2077978971962615,1.8692683995327102,1.365763726635514,2.178738317757009
1564,00:01:05.179,1.0921471104170615,2.208515868380062,4.012302862149533,2.254052278037383,1.6876460280373833,2.6838492990654204
1565,00:01:05.221,0.9096268995001823,1.868063668224299,3.63993136682243,1.6739193925233644,1.5865581191588785,2.3437134929906542
1566,00:01:05.263,1.078954634603177,2.306269470404984,4.133323598130841,2.0427132009345796,1.920597254672897,2.9554979556074765
1567,00:01:05.304,0.8316712723777485,1.895261390186916,3.9750657126168223,1.8963566004672898,1.5468384929906542,2.242589077102804
1568,00:01:05.346,1.1475011611012793,2.578173676012461,5.259747371495327,2.5512193341121496,2.0051839953271027,3.1781176985981308
1569,00:01:05.388,0.9951951043879588,2.3629283489096573,4.310200058411215,2.159207067757009,2.005695093457944,2.923882885514019
1570,00:01:05.430,0.9512596609845544,2.4226294781931466,3.9285192757009346,2.6640625,1.8065493574766356,2.797276577102804
1571,00:01:05.471,1.0672408197908085,2.601282612928349,4.561550817757009,2.5150408878504673,2.14131863317757,3.147488317757009
1572,00:01:05.513,1.05553754451661,2.6446529400311527,6.0603460864485985,2.853460864485981,1.9967143691588785,3.083783586448598
1573,00:01:05.555,0.8745437317750814,2.3193511487538943,4.505695093457944,2.32560601635514,1.8635367990654206,2.7689106308411215
1574,00:01:05.596,1.0539421868454126,2.6787504867601246,4.338127920560748,2.8760221962616823,2.03836886682243,3.1218603971962615
1575,00:01:05.638,1.025974207235373,2.68359375,4.878066588785047,3.126752336448598,1.9522123247663552,2.9718165887850465
1576,00:01:05.680,0.9592716984935566,2.518995813862928,3.5282199182242993,2.6033878504672896,2.0205169392523366,2.933082651869159
1577,00:01:05.721,1.1950008146016107,2.9455193730529596,4.868757301401869,2.8445166471962615,2.4400919976635516,3.5519494742990654
1578,00:01:05.763,0.853874153735865,2.195920950155763,4.040230724299065,2.1400408878504673,1.8127920560747663,2.634929906542056
1579,00:01:05.805,0.9944458513533779,2.4609618380062304,3.3699620327102804,2.6888142523364484,1.831848714953271,2.862222546728972
1580,00:01:05.847,1.0154303827441356,2.361382885514019,2.8858790887850465,2.412602219626168,1.7921290887850467,2.879417348130841
1581,00:01:05.888,1.0063004299522773,2.3960036993769473,4.663952978971962,2.638690128504673,1.782308703271028,2.76701226635514
1582,00:01:05.930,0.9580006816093756,2.249111662772586,3.4258177570093458,2.279826226635514,1.807535046728972,2.659973714953271
1583,00:01:05.972,1.0972322977984958,2.4525530568535823,4.030921436915888,2.5354117990654204,1.9230432242990654,2.8992041471962615
1584,00:01:06.013,0.989557465687337,2.180916569314642,3.854044976635514,2.3572941004672896,1.6481819509345794,2.537273656542056
1585,00:01:06.055,0.9505003021775928,2.114838882398754,3.4723641939252334,2.3716778621495327,1.5691442757009346,2.403694509345794
1586,00:01:06.097,0.9325365797588453,1.9992211838006229,3.965756425233645,2.109557535046729,1.5597619742990654,2.3283440420560746
1587,00:01:06.138,1.1160564527723198,2.267206970404984,5.473860981308412,2.299540011682243,1.7563522196261683,2.745728679906542
1588,00:01:06.180,0.9635862012707976,2.0124488901869158,4.189179322429907,2.0554906542056073,1.5635221962616823,2.418333820093458
1589,00:01:06.222,0.9744642928636144,1.999269859813084,4.477767231308412,2.024897780373832,1.5551620911214954,2.4177497079439254
1590,00:01:06.264,1.0910761317559243,2.0882982866043616,4.701190128504673,1.9648072429906542,1.6941807827102804,2.6059068341121496
1591,00:01:06.305,0.9244808835114071,1.83868769470405,4.29158148364486,2.0260660046728973,1.3246203271028036,2.1653767523364484
1592,00:01:06.347,0.896568602272693,1.8055149922118383,4.002993574766355,2.019348714953271,1.3114778037383177,2.0857184579439254
1593,00:01:06.389,0.9839177615776585,2.0624634929906542,4.142632885514018,2.1662529205607477,1.5615873247663552,2.45955023364486
1594,00:01:06.430,0.9110360964719267,2.065773461838006,4.626715829439252,1.7677058995327102,1.7352146612149533,2.694399824766355
1595,00:01:06.472,1.1187114850928304,2.6747225467289724,4.589478679906542,2.4430490654205608,2.20381863317757,3.377299941588785
1596,00:01:06.514,1.0733429203053875,2.527295073987539,5.28767523364486,2.380804614485981,2.01701226635514,3.1840683411214954
1597,00:01:06.555,1.3071507884847857,2.9080510124610597,5.28767523364486,2.8094334112149535,2.3492260514018692,3.565493574766355
1598,00:01:06.597,0.7738814993954051,1.769859813084112,3.658549941588785,1.9582359813084111,1.2980432242990654,2.05330023364486
1599,00:01:06.639,0.9132813795390482,1.927022488317757,3.565457067757009,2.2330972546728973,1.3145078855140186,2.233462324766355
1600,00:01:06.681,0.9668291413331926,1.7855943341121494,2.4483425817757007,1.7769786799065421,1.356892523364486,2.2229117990654204
1601,00:01:06.722,1.0560073339260725,1.9764894859813085,3.3699620327102804,2.2671582943925235,1.412821261682243,2.249488901869159
1602,00:01:06.764,0.8787036603814782,1.7140527647975077,2.057352511682243,1.7991019275700935,1.2973860981308412,2.045670268691589
1603,00:01:06.806,1.042431669340263,2.05998101635514,1.9363317757009346,2.3616384345794392,1.4649532710280373,2.353351343457944
1604,00:01:06.847,1.059216306448779,1.9805782710280375,3.1093019859813085,1.9591486565420562,1.5510367990654206,2.4315493574766354
1605,00:01:06.889,1.2187063711957342,2.233401479750779,2.811404789719626,2.283148364485981,1.7097327686915889,2.7073233060747666
1606,00:01:06.931,0.7649538192040019,1.4719747858255452,4.02161214953271,1.5048919392523366,1.1519786799065421,1.759053738317757
1607,00:01:06.972,1.0013590758954232,1.8178665303738317,2.141136098130841,1.9519567757009346,1.3633907710280373,2.1382520443925235
1608,00:01:07.014,0.9484717579765067,1.6652185552959502,2.895188376168224,1.6484009929906542,1.3214442172897196,2.0258104556074765
1609,00:01:07.056,1.0768492483814691,1.891002239096573,3.7702613901869158,1.940676109813084,1.4820020443925233,2.2503285630841123
1610,00:01:07.098,1.0969208888566797,1.8419003115264798,4.077467873831775,1.4926985981308412,1.634090245327103,2.3989120911214954
1611,00:01:07.139,0.9770322038938548,1.69921875,3.3047970210280373,1.9319144275700935,1.2344480140186915,1.931293808411215
1612,00:01:07.181,0.924973134535314,1.4611808800623054,2.1783732476635516,1.3046875,1.2156834112149533,1.8631717289719627
1613,00:01:07.223,1.3051913528515946,1.7625705802180687,3.165157710280374,1.7035265771028036,1.410886390186916,2.173298773364486
1614,00:01:07.264,0.7318347410508862,1.0151139018691588,1.3963931074766356,1.0581556658878504,0.7912164135514018,1.1959696261682242
1615,00:01:07.306,1.0010331707413993,1.2262095989096573,2.1132082359813085,1.3825934579439252,0.8944217289719626,1.401613609813084
1616,00:01:07.348,0.9565920104711207,1.0983620521806852,1.3591559579439252,1.0100759345794392,0.8963566004672897,1.3886536214953271
1617,00:01:07.389,0.810212651205794,1.0237295560747663,2.318012558411215,1.1185017523364487,0.7656980140186916,1.1869889018691588
1618,00:01:07.431,1.0467542559468133,1.3277599299065421,2.29939398364486,1.2257593457943925,1.1051766939252337,1.65234375
1619,00:01:07.473,0.9973916676226944,1.401796144859813,2.6996933411214954,1.406067464953271,1.086996203271028,1.7123247663551402
1620,00:01:07.515,1.1482676860107641,1.5499294197819313,3.0906834112149535,1.0523145443925233,1.4506060163551402,2.1468676985981308
1621,00:01:07.556,1.328038513473845,1.7204293224299068,3.5468384929906542,1.4427570093457944,1.4634564836448598,2.2550744742990654
1622,00:01:07.598,0.6242432245337303,0.9492065809968847,2.569363317757009,0.8100905373831776,0.7889894859813084,1.2485397196261683
1623,00:01:07.640,0.8035098499840653,1.280933605919003,2.8020955023364484,1.1622371495327102,1.0237295560747663,1.6568341121495327
1624,00:01:07.681,1.0430424662730038,1.5309944509345794,3.137229848130841,1.1674941588785046,1.3646320093457944,2.0608571845794392
1625,00:01:07.723,1.450280919949473,2.176061137071651,4.608097254672897,1.6966997663551402,1.9617771612149533,2.86970648364486
1626,00:01:07.765,0.0892996449873117,1.4650627920560748,3.6120035046728973,1.270808995327103,1.2550744742990654,1.8693049065420562
1627,00:01:07.807,0.09438542095358342,1.724773656542056,2.597291179906542,1.4852876752336448,1.4500584112149533,2.23897488317757
1628,00:01:07.848,10.45084710847478,60.19274484034268,121.83064398364486,74.61623831775701,56.28482768691589,49.67716851635514
1629,00:01:07.890,0.45222197760210686,9.26104945482866,33.70892961448598,12.652270735981308,6.228862441588785,8.902015186915888
1630,00:01:07.932,0.47917959507101654,10.5875316394081,39.61101781542056,14.967837324766355,6.73828125,10.056476343457945
1631,00:01:07.973,1.0331606947891483,9.410910728193146,35.7755914135514,12.93976343457944,6.261937792056075,9.031030957943925
1632,00:01:08.015,1.0925730381545962,9.515783197040498,31.018545560747665,13.498284170560748,6.522524824766355,8.526540595794392
1633,00:01:08.057,0.7992794983724063,7.071054809190031,26.689726927570092,9.47291179906542,5.253796728971962,6.48645589953271
1634,00:01:08.098,0.8503606829899224,7.768569898753895,26.13116968457944,10.630330023364486,5.28125,7.394129672897196
1635,00:01:08.140,0.9058616693590448,8.691880841121495,29.53836886682243,11.488573306074766,5.945020443925234,8.642048773364486
1636,00:01:08.182,1.0751514746729123,11.263750973520251,32.880403037383175,15.755768107476635,7.252957067757009,10.782527745327103
1637,00:01:08.224,1.0675423761768075,12.277234228971963,35.7755914135514,17.599518107476637,7.956191588785047,11.275992990654206
1638,00:01:08.265,1.0710440927241103,13.16804176401869,40.16026577102804,18.83298043224299,8.218384929906541,12.452759929906541
1639,00:01:08.307,1.011571469229852,12.878188278816198,31.34437061915888,18.50719188084112,7.868720794392523,12.258652161214954
1640,00:01:08.349,0.9895908617605564,12.759163259345792,34.59331191588785,17.92501460280374,7.819071261682243,12.533403913551401
1641,00:01:08.390,0.9995899600216999,12.719054225077882,34.79811623831776,18.037967289719628,7.764639310747664,12.354556074766355
1642,00:01:08.432,1.0185795268831566,12.808204341900312,35.058776285046726,18.15278183411215,7.762193341121495,12.50963785046729
1643,00:01:08.474,0.9967718940713662,12.451530860591902,30.934761974299064,17.82465683411215,7.4718896028037385,12.058046144859814
1644,00:01:08.515,0.9857225603524712,12.368550428348911,32.10773218457944,18.212105724299064,7.2937353971962615,11.599810163551401
1645,00:01:08.557,0.9628584948010823,12.071614583333334,30.91614339953271,17.491347838785046,7.20035046728972,11.523145443925234
1646,00:01:08.599,1.0268514874575478,12.85944801401869,31.875,19.22057535046729,7.316625292056075,12.04114339953271
1647,00:01:08.641,0.9957843999475235,12.46954098520249,26.754891939252335,18.757849007009344,7.12613171728972,11.52464223130841
1648,00:01:08.682,1.1005829393227013,13.183021806853581,33.01073306074766,20.385477511682243,7.010988609813084,12.15259929906542
1649,00:01:08.724,1.002963811535016,11.975236078660437,27.85338785046729,18.49419538551402,6.36258761682243,11.06892523364486
1650,00:01:08.766,0.8565941535200867,10.608644859813085,26.419757593457945,16.597692757009344,5.43151285046729,9.796728971962617
1651,00:01:08.807,0.9359126999849442,11.498186818535826,29.566296728971963,17.983535338785046,5.635404497663552,10.875620619158878
1652,00:01:08.849,1.02067204763716,12.88227706386293,31.586412091121495,19.877738025700936,6.138033002336448,12.631060163551401
1653,00:01:08.891,1.0052301463407871,13.675975954049845,33.4948160046729,21.341048481308412,6.391902745327103,13.294976635514018
1654,00:01:08.932,1.0189234017046769,14.70266257788162,34.36988901869159,22.61390186915888,6.95816296728972,14.535922897196262
1655,00:01:08.974,1.0133213797179175,15.336156542056075,38.81041910046729,22.83228679906542,7.774532710280374,15.40165011682243
1656,00:01:09.016,1.0001155588114554,15.82401187694704,41.11912237149533,23.177205023364486,8.433374707943925,15.86145589953271
1657,00:01:09.058,1.0025081598276961,16.335523753894083,42.50620619158879,23.623466705607477,8.90946261682243,16.473641939252335
1658,00:01:09.099,1.0134529098937757,16.914391063084114,46.09028183411215,23.916289427570092,9.748503212616823,17.07838054906542
1659,00:01:09.141,1.0062099617823723,17.10405714563863,47.011901285046726,24.070531542056074,10.063558703271028,17.178081191588785
1660,00:01:09.183,1.0195748745644704,17.495862538940813,52.5416179906542,24.72283878504673,10.38394421728972,17.38080461448598
1661,00:01:09.224,1.0024461956309372,17.24821115654206,48.92961448598131,23.982330607476637,10.545779789719626,17.216523072429908
1662,00:01:09.266,1.0213623537453826,17.37317464953271,48.147634345794394,23.8268472546729,10.917932242990654,17.37474445093458
1663,00:01:09.308,1.0055964706307383,16.851392133956388,48.42691296728972,22.843019859813083,10.750146028037383,16.961010514018692
1664,00:01:09.349,1.01187885822331,16.443754867601246,50.63321407710281,22.289281542056074,10.408695969626168,16.633287091121495
1665,00:01:09.391,1.0425610197035136,15.965294003115266,42.32932973130841,22.410703855140188,9.770188376168225,15.714989778037383
1666,00:01:09.433,1.0359399919322032,14.812998929127724,34.48160046728972,21.003760221962615,8.408732476635514,15.026504088785046
1667,00:01:09.475,1.0056487655659891,13.145991530373832,28.27230578271028,19.18428738317757,7.036507009345795,13.21718019859813
1668,00:01:09.516,0.9988066152978763,11.641318633177569,25.12576664719626,17.32743136682243,5.814361857476635,11.782162675233645
1669,00:01:09.558,0.9467987953034463,9.86898851246106,20.471122955607477,14.66910046728972,4.738427278037383,10.199437792056075
1670,00:01:09.600,0.8828916286840074,8.792932242990654,15.686149240654206,13.44695531542056,3.9510441004672896,8.980797313084112
1671,00:01:09.641,0.8123691394101992,8.113889700155763,18.92578125,12.24653183411215,3.602475175233645,8.492662091121495
1672,00:01:09.683,1.0212517146452993,10.212775019470405,23.74799211448598,15.6484375,4.580351927570093,10.409535630841122
1673,00:01:09.725,1.051657940562362,11.07704195872274,31.65157710280374,16.9674722546729,5.074182242990654,11.189471378504672
1674,00:01:09.766,1.0539836265124347,12.01714612538941,25.917056074766354,18.423846378504674,5.435236565420561,12.19235543224299
1675,00:01:09.808,0.9702891007449074,11.787918613707165,26.42906688084112,17.975394275700936,5.55676839953271,11.83159316588785
1676,00:01:09.850,0.9878169530293552,12.528840537383177,24.464807242990656,19.791910046728972,5.587434287383178,12.207177278037383
1677,00:01:09.892,0.9817720247122615,12.972461545950154,27.32275846962617,20.360725759345794,5.937207943925234,12.61945093457944
1678,00:01:09.933,1.0154851834511553,13.95592387071651,29.063595210280372,21.88022050233645,6.424905081775701,13.562646028037383
1679,00:01:09.975,1.0196353585377236,14.580570969626166,34.1185382593458,23.003504672897197,6.868903329439252,13.869304906542055
1680,00:01:10.017,0.9983751326349491,14.890564154984425,37.02303592289719,23.697028329439252,7.102073598130841,13.872590537383177
1681,00:01:10.058,1.0140640078340426,15.380208333333334,39.51792494158879,24.00131425233645,7.429650992990654,14.709659754672897
1682,00:01:10.100,1.0263122142105592,15.742491725077882,43.84674357476636,24.90530081775701,7.622408002336448,14.699766355140186
1683,00:01:10.142,1.004557880814818,15.453976830218068,39.024532710280376,24.413478387850468,7.469918224299065,14.478533878504672
1684,00:01:10.183,1.0291341284388602,15.630816783489097,35.03084842289719,24.37171436915888,7.390040887850467,15.130695093457945
1685,00:01:10.225,0.9878627423314157,14.78191929517134,31.791216413551403,23.80505257009346,6.677314544392523,13.863390771028037
1686,00:01:10.267,0.9874535177097804,14.774885611370715,34.95637412383178,23.825021904205606,6.469662675233645,14.029972254672897
1687,00:01:10.309,0.9260809948125778,13.994463103582554,34.03475467289719,22.78143253504673,6.061623831775701,13.140332943925234
1688,00:01:10.350,1.021803188965735,15.443255938473522,31.521247079439252,25.769312207943926,6.234192464953271,14.326263142523365
1689,00:01:10.392,1.0082298634644542,15.445896612149532,35.617333528037385,26.03887996495327,6.464989778037383,13.833820093457945
1690,00:01:10.434,1.0456349898160142,16.239668516355138,38.11222254672897,27.239266939252335,6.778000876168225,14.70173773364486
1691,00:01:10.475,0.9914618746138278,15.601878894080997,34.08130110981308,25.981490946261683,6.6765478971962615,14.147597838785046
1692,00:01:10.517,1.0072284726198348,15.632629964953273,36.4830972546729,25.503249123831775,6.59878796728972,14.795852803738319
1693,00:01:10.559,1.0476173965751892,15.626752336448597,35.34736419392523,26.153146904205606,6.327285338785047,14.39982476635514
1694,00:01:10.601,1.0366432081420718,14.613463785046727,37.265077394859816,24.69235543224299,5.972510221962617,13.17552570093458
1695,00:01:10.642,1.088488977431468,13.817903037383177,40.07648218457944,23.390734521028037,5.431731892523365,12.63124269859813
1696,00:01:10.684,0.9783226008142347,11.310346086448599,31.80052570093458,19.487113025700936,4.243428738317757,10.200496495327103
1697,00:01:10.726,0.8284317929428523,9.227730724299064,27.527562792056074,16.31709988317757,3.0742552570093458,8.29183703271028
1698,00:01:10.767,0.8148857259936221,8.58473276869159,21.476525992990656,16.036908586448597,2.5557096962616823,7.161580023364486
1699,00:01:10.809,1.0692925883420723,10.842192367601248,30.432060455607477,20.565858644859812,2.756899824766355,9.20381863317757
1700,00:01:10.851,1.0135724820062444,10.759297118380063,33.438960280373834,19.714624707943926,3.112368574766355,9.450898072429906
1701,00:01:10.892,1.076964582237134,11.986614096573208,33.8671875,21.124342873831775,3.6838127920560746,11.151686623831775
1702,00:01:10.934,0.9632341550678105,11.047349591121495,34.08130110981308,19.10692903037383,3.7429176401869158,10.292202102803738
1703,00:01:10.976,1.0606375084601565,11.871154595015577,31.06509199766355,20.40398656542056,4.209221670560748,11.00025554906542
1704,00:01:11.018,1.058603210580769,11.259005062305297,32.96418662383178,18.732038551401867,4.277562792056075,10.767413843457945
1705,00:01:11.059,0.9968497869705707,10.476915401090343,33.01073306074766,17.441114193925234,3.936988901869159,10.052643107476635
1706,00:01:11.101,0.8943622947733058,9.147451810747663,27.062098422897197,15.08776285046729,3.290486273364486,9.064106308411215
1707,00:01:11.143,1.02653371392341,9.762485397196263,29.53836886682243,16.413660922897197,3.4495473130841123,9.424247955607477
1708,00:01:11.184,0.9992975566274321,9.413210669781932,26.5221597546729,15.267924941588785,3.572466413551402,9.399240654205608
1709,00:01:11.226,0.9091359852784634,9.00300574376947,24.697539427570092,14.41935601635514,3.4960572429906542,9.093603971962617
1710,00:01:11.268,0.5007900493560502,9.766367309190032,26.51285046728972,15.842216705607477,3.7633980724299065,9.69348714953271
1711,00:01:11.309,0.5702265665788807,10.669197819314642,28.914646612149532,16.756826810747665,4.378869742990654,10.871896904205608
1712,00:01:11.351,5.642727537174724,48.92226440809969,92.77635806074767,54.72455461448598,46.568852219626166,45.47338639018692
1713,00:01:11.393,0.38310392334439797,7.150177667445483,10.016793224299066,5.103971962616822,7.573123539719626,8.7734375
1714,00:01:11.435,0.3943980801265392,7.094127239096572,10.128504672897197,5.061842873831775,7.558265186915888,8.662273656542055
1715,00:01:11.476,1.0414459097741553,7.969638337227415,10.891866238317757,5.874087324766355,8.617698598130842,9.417129088785046
1716,00:01:11.518,0.9944012883196861,7.906821943146416,10.417092581775702,5.6218603971962615,8.70633761682243,9.39226781542056
1717,00:01:11.560,1.037617880080459,8.458771417445483,10.77084550233645,6.223386390186916,9.076628212616823,10.07629964953271
1718,00:01:11.601,1.0072489772482596,8.28281980140187,10.929103387850468,5.649496203271028,9.27665011682243,9.92231308411215
1719,00:01:11.643,1.0310506755013402,8.44914573598131,11.524897780373832,6.132922021028038,9.107148072429906,10.107367114485982
1720,00:01:11.685,0.9868663315297985,8.078100661993771,10.603278329439252,5.715427862149533,8.726891063084112,9.791983060747663
1721,00:01:11.726,0.9797652997979562,7.95908781152648,11.348021320093459,5.35043078271028,8.598751460280374,9.928081191588785
1722,00:01:11.768,0.9849235085118108,8.051377531152648,11.199072721962617,5.81918078271028,8.183703271028037,10.151248539719626
1723,00:01:11.810,0.9357171192160278,7.915230724299065,11.729702102803738,5.566917348130841,8.194436331775702,9.984338492990654
1724,00:01:11.852,1.027853425304518,8.746069411993771,12.60477511682243,6.075496495327103,9.221926109813085,10.940785630841122
1725,00:01:11.893,1.0441034833932794,9.079463590342678,11.320093457943925,6.903584988317757,9.297495619158878,11.037310163551401
1726,00:01:11.935,0.9837895386545248,8.990179614485982,11.636609228971963,6.633725175233645,9.381534754672897,10.955278913551401
1727,00:01:11.977,0.9759829423586065,9.132289232866043,11.850722838785046,6.87638726635514,9.462105724299066,11.058374707943925
1728,00:01:12.018,1.0097137480764102,9.595441491433021,13.963931074766355,7.192574474299065,9.984849591121495,11.608900408878505
1729,00:01:12.060,0.9866823348697151,9.762984326323988,13.44261098130841,7.626934871495327,10.0625,11.599518107476635
1730,00:01:12.102,0.9745706986573044,10.127068730529595,14.150116822429906,8.186149240654206,10.320823598130842,11.874233352803738
1731,00:01:12.143,0.9757176372636618,10.724238220404985,16.88704731308411,8.645808995327103,11.01927570093458,12.50762996495327
1732,00:01:12.185,1.009082181295535,11.482586156542057,18.31136828271028,8.779753212616823,12.21641355140187,13.451591705607477
1733,00:01:12.227,1.0926284405982607,12.591875973520247,20.201153621495326,9.764712324766355,13.463748539719626,14.547167056074766
1734,00:01:12.269,1.0260702300496916,12.073768496884734,20.275627920560748,9.516793224299066,13.054395443925234,13.650116822429906
1735,00:01:12.310,1.0460201761569543,11.816966024143303,19.214369158878505,9.729117990654206,12.487113025700934,13.234667056074766
1736,00:01:12.352,1.0484803703744927,11.176572235202492,19.49364778037383,10.398218457943925,10.970356308411215,12.161141939252337
1737,00:01:12.394,0.8917264084182023,9.346074279595015,16.46812938084112,8.640150408878505,9.035776869158878,10.362295560747663
1738,00:01:12.435,0.9401123907894795,9.402319411993771,17.147707359813083,8.867041471962617,9.107622663551401,10.23229410046729
1739,00:01:12.477,0.981535962922115,9.527647975077882,16.030592873831775,8.808009637850468,9.226781542056075,10.548152745327103
1740,00:01:12.519,1.0126951311603263,9.95479215342679,14.876241238317757,9.34904351635514,9.406176985981308,11.109155957943925
1741,00:01:12.560,1.0245032032041277,10.124318535825545,17.752811039719628,9.366822429906541,9.564252336448599,11.441880841121495
1742,00:01:12.602,1.0324269152207994,10.265710183021806,16.849810163551403,9.486236857476635,9.760952102803738,11.549941588785046
1743,00:01:12.644,0.9893333448220472,9.780544197819315,13.777745327102803,8.600284754672897,9.513726635514018,11.227621203271028
1744,00:01:12.686,1.0086293537936006,9.913466218847352,16.78464515186916,8.748576226635514,9.694764894859814,11.29705753504673
1745,00:01:12.727,0.9279688422753228,9.240483839563863,15.01588054906542,7.213346962616822,9.637047313084112,10.871057242990654
1746,00:01:12.769,1.0115414913991967,10.027867017133957,19.07472984813084,7.871677862149533,10.563011098130842,11.648912091121495
1747,00:01:12.811,1.0078803590369345,10.109131619937694,20.098751460280372,7.735981308411215,10.931585864485982,11.659827686915888
1748,00:01:12.852,0.9898464196710803,10.390722352024923,18.46031688084112,8.478168808411215,10.93870473130841,11.75529351635514
1749,00:01:12.894,0.9691832539178346,10.461290401090343,18.897853387850468,8.557717581775702,11.07403621495327,11.752117406542055
1750,00:01:12.936,1.0287619378898643,11.390941394080997,20.91796875,10.073452102803738,11.763653621495328,12.335718457943925
1751,00:01:12.977,0.983988597655389,11.28490070093458,21.625474591121495,10.23663843457944,11.55833820093458,12.05972546728972
1752,00:01:13.019,1.0438405418399983,12.152988707165107,23.990033586448597,11.23280519859813,12.50408878504673,12.722072137850468
1753,00:01:13.061,0.9982649004012912,11.868891160436135,24.539281542056074,10.757593457943925,12.313850759345794,12.535229264018692
1754,00:01:13.103,0.991745838358531,12.025554906542055,23.90625,10.644494742990654,12.59356746495327,12.838602511682243
1755,00:01:13.144,1.0116829862028287,12.094638337227416,23.990033586448597,10.785375292056075,12.697539427570094,12.801000292056075
1756,00:01:13.186,1.0746699186476827,12.38604945482866,24.986127336448597,11.49496203271028,12.673335280373832,12.98985105140187
1757,00:01:13.228,1.0202306401644403,11.539378894080997,21.886134637850468,10.893180490654206,11.875073014018692,11.849883177570094
1758,00:01:13.269,0.39331523741948965,10.442209404205606,20.14529789719626,9.698561623831775,10.805016063084112,10.823050525700934
1759,00:01:13.311,0.3930319037565396,10.319338979750778,18.376533294392523,9.358863901869158,10.837178738317757,10.76197429906542
1760,00:01:13.353,6.5001242257875145,71.95207846573209,118.38620765186916,81.83834696261682,66.07655519859813,67.9413332359813
1761,00:01:13.394,0.41147842703772747,11.089247468847352,44.10740362149533,16.92333528037383,7.48185601635514,8.862551109813085
1762,00:01:13.436,0.44904789524670996,12.426560066199377,45.1965902453271,18.99967143691589,9.03749269859813,9.242516063084112
1763,00:01:13.478,1.0373289858968466,13.101087908878505,52.802278037383175,19.43888726635514,10.050452686915888,9.813923773364486
1764,00:01:13.520,1.1425413963408486,14.550099785825545,46.49058119158879,23.390405957943926,9.64296144859813,10.61693195093458
1765,00:01:13.561,0.9829951242074705,12.45263823987539,45.85754964953271,19.292895735981308,9.35287675233645,8.71214223130841
1766,00:01:13.603,1.1206123891579676,12.959136487538942,44.29358936915888,22.964770735981308,7.4374269859813085,8.475211740654206
1767,00:01:13.645,0.9029385331249749,10.061903718847352,39.86236857476636,16.56994742990654,6.575058411214953,7.040705315420561
1768,00:01:13.686,0.8562181363159289,9.192696164330217,38.41011974299065,15.095903913551401,5.795268691588785,6.686915887850467
1769,00:01:13.728,1.1031852314172392,9.969565323208723,43.64193925233645,16.49748101635514,6.504380841121495,6.906834112149533
1770,00:01:13.770,1.1379883566455453,9.95497468847352,39.90891501168224,16.517924941588785,6.547057535046729,6.799941588785047
1771,00:01:13.812,0.7622632908227976,6.938716900311526,38.4752847546729,10.976416471962617,4.590683411214953,5.249050817757009
1772,00:01:13.853,1.092839676255374,8.890503309968848,39.73203855140187,15.273547021028037,5.164099007009346,6.233863901869159
1773,00:01:13.895,0.9678832863772602,7.596086448598132,40.486090829439256,12.367954147196262,5.04296875,5.377336448598131
1774,00:01:13.937,0.9794766341857718,8.051146320093459,39.57378066588785,13.97309433411215,4.650335864485982,5.530008761682243
1775,00:01:13.978,0.924728025794951,7.51220551012461,38.00051109813084,12.278073890186915,4.887302862149533,5.371239778037383
1776,00:01:14.020,1.0692305973563403,8.880585572429906,40.26266793224299,15.485032126168225,4.940165011682243,6.216559579439252
1777,00:01:14.062,0.8535393568977567,7.966948987538942,35.756972838785046,14.10415449766355,3.9694801401869158,5.827212324766355
1778,00:01:14.103,0.9339204930546924,9.692039038161994,36.97648948598131,17.36163843457944,4.822174357476635,6.892304322429907
1779,00:01:14.145,0.9704482668861047,11.251229069314642,45.37346670560748,19.960024824766354,5.679030373831775,8.114632009345794
1780,00:01:14.187,1.0675195096798376,13.412431853582554,48.36174795560748,24.46520882009346,6.3438230140186915,9.428263726635514
1781,00:01:14.229,1.178430530597291,15.303969528816202,50.82870911214953,27.06476343457944,8.368903329439252,10.478241822429906
1782,00:01:14.270,1.0371762484278655,14.00919976635514,48.175562207943926,25.0108425817757,6.861054322429907,10.155702394859814
1783,00:01:14.312,0.9905441667234215,13.274094626168223,42.962361273364486,22.995619158878505,7.364485981308412,9.462178738317757
1784,00:01:14.354,0.9443991360942707,12.037736078660437,43.883980724299064,21.392924941588785,6.362916179906542,8.357367114485982
1785,00:01:14.395,1.0490354866118383,12.25233644859813,44.35875438084112,20.958053446261683,7.71163113317757,8.08732476635514
1786,00:01:14.437,1.0113514222329227,11.45016793224299,40.15095648364486,20.900591413551403,6.0437353971962615,7.4061769859813085
1787,00:01:14.479,0.8926670203437033,9.956483644859814,36.957870911214954,18.037711740654206,4.894677278037383,6.937061915887851
1788,00:01:14.520,1.0636618800180084,11.040048189252337,37.4791910046729,20.550854264018692,5.039610105140187,7.529680198598131
1789,00:01:14.562,0.9781058596575838,9.87199425623053,41.85455607476636,18.623138142523363,4.281615070093458,6.711229556074766
1790,00:01:14.604,1.0590579527717636,10.238488123052958,40.52332797897196,18.84426109813084,5.175598714953271,6.695604556074766
1791,00:01:14.646,0.9771149425848294,9.136864778037383,33.094516647196265,16.098641939252335,4.944217289719626,6.367735105140187
1792,00:01:14.687,0.9222513022553768,8.621264116043614,32.06118574766355,14.19808703271028,5.840135806074766,5.825569509345795
1793,00:01:14.729,0.9949960816893593,8.671692464953273,34.500219042056074,14.693304614485982,5.985652745327103,5.336120035046729
1794,00:01:14.771,1.0735568721894695,9.345210280373832,35.449766355140184,16.51858206775701,5.53055636682243,5.986492406542056
1795,00:01:14.812,0.7972856487620242,7.757873345015576,34.88189982476636,12.692501460280374,5.3171728971962615,5.263945677570093
1796,00:01:14.854,1.002618766378999,9.76878894080997,33.55998101635514,17.869852511682243,4.973203855140187,6.463310455607477
1797,00:01:14.896,1.206979214960322,11.135733060747663,41.407710280373834,21.01599007009346,5.218567464953271,7.1726416471962615
1798,00:01:14.937,1.115464695814257,10.734277647975077,35.89661214953271,20.576007593457945,4.60824328271028,7.018582067757009
1799,00:01:14.979,0.924710576763472,8.643533391744548,35.217034170560744,15.826226635514018,4.218275408878505,5.8860981308411215
1800,00:01:15.021,1.058322378509443,8.944521514797508,36.678592289719624,16.445275992990656,4.501898364485982,5.886390186915888
1801,00:01:15.063,0.8114055589784949,6.5746081580996885,26.559396904205606,11.804468457943925,3.767778913551402,4.1515771028037385
1802,00:01:15.104,0.9692670951009144,7.853996300623053,28.477110105140188,14.015332943925234,4.556184287383178,4.990471670560748
1803,00:01:15.146,0.8343849769704432,6.9689081970404985,27.574109228971963,12.721597546728972,3.9502409462616823,4.234886098130841
1804,00:01:15.188,1.2024084439292215,9.92406542056075,32.43355724299065,19.776942172897197,3.98689398364486,6.008360105140187
1805,00:01:15.229,1.0771051117551915,9.055928738317757,36.445860105140184,16.945969626168225,4.945422021028038,5.276394567757009
1806,00:01:15.271,1.0915041755391268,9.1351246105919,35.36598276869159,15.950715537383177,6.007666471962617,5.446991822429907
1807,00:01:15.313,0.9115155352816603,7.602523851246107,31.26058703271028,13.622261974299066,4.665632301401869,4.519677278037383
1808,00:01:15.354,0.8593392859580447,6.894677278037384,28.914646612149532,12.62543808411215,4.02230578271028,4.03628796728972
1809,00:01:15.396,0.9984933507402401,8.27639456775701,28.970502336448597,15.848130841121495,4.042567172897196,4.938485689252336
1810,00:01:15.438,0.8011772904690156,7.078879478193147,27.015551985981308,12.561842873831775,4.475649824766355,4.1991457359813085
1811,00:01:15.480,1.453085439413606,11.579451421339563,33.14106308411215,22.838164427570092,5.242077978971962,6.658111857476635
1812,00:01:15.521,0.9088322957301121,8.591863804517134,27.65789281542056,15.992406542056075,4.967216705607477,4.815968165887851
1813,00:01:15.563,0.7552977175696391,7.928348909657321,29.84557535046729,14.64799941588785,4.704694801401869,4.432352511682243
1814,00:01:15.605,1.1991449856279217,11.22827832943925,32.98280519859813,22.188850759345794,5.520735981308412,5.975248247663552
1815,00:01:15.646,1.0039544549708759,10.588346962616821,32.43355724299065,20.035557827102803,5.819764894859813,5.909718165887851
1816,00:01:15.688,0.8840707999110905,10.345721378504672,39.089697721962615,18.676438376168225,6.561331775700935,5.79939398364486
1817,00:01:15.730,1.1380558984205043,12.68421436915888,42.90650554906542,24.257520443925234,6.641026577102804,7.1540960864485985
1818,00:01:15.771,1.0745095664616922,12.308630257009346,42.5806804906542,23.13186331775701,6.9328271028037385,6.86120035046729
1819,00:01:15.813,0.9319594640209429,11.339344820872272,38.34495473130841,22.242406542056074,5.448999707943925,6.326628212616822
1820,00:01:15.855,0.9652853056163553,11.451177959501559,35.756972838785046,22.31049211448598,5.515077394859813,6.5279643691588785
1821,00:01:15.897,1.0464178620581004,12.224810163551403,36.613427278037385,23.98236711448598,5.9029643691588785,6.789099007009346
1822,00:01:15.938,0.9557500079726775,11.57920804127726,36.259674357476634,21.911178446261683,6.015332943925234,6.81111273364486
1823,00:01:15.980,0.9918891833399043,12.360397196261681,34.3233425817757,23.23784316588785,6.953417056074766,6.88993136682243
1824,00:01:16.022,0.984073768064504,12.424856405763242,37.376788843457945,23.92023218457944,6.284973714953271,7.069363317757009
1825,00:01:16.063,1.0882715429533973,13.617004964953273,35.459075642523366,25.734448014018692,7.170159170560748,7.946407710280374
1826,00:01:16.105,1.007057814637831,12.947150019470406,35.524240654205606,25.240654205607477,6.109155957943925,7.491639894859813
1827,00:01:16.147,0.970526229496015,12.317623150311526,35.18910630841121,23.581629672897197,5.811477803738318,7.559761974299065
1828,00:01:16.188,1.070126165704735,13.066162869937694,36.57619012850467,24.82629964953271,6.7188230140186915,7.653365946261682
1829,00:01:16.230,0.8946331542160744,11.13646320093458,29.65008031542056,20.567610981308412,6.205607476635514,6.636171144859813
1830,00:01:16.272,1.0457523829206246,12.43847352024922,34.090610397196265,22.96666910046729,6.841632593457944,7.50711886682243
1831,00:01:16.314,1.0280109578446959,11.970052083333334,33.094516647196265,22.02194071261682,6.82308703271028,7.065128504672897
1832,00:01:16.355,0.9596086088843245,11.404448987538942,35.663879964953274,21.117333528037385,6.320458528037383,6.775554906542056
1833,00:01:16.397,1.0329663301597694,11.596195969626168,32.21944363317757,21.93687938084112,5.860543224299065,6.991165303738318
1834,00:01:16.439,1.0815222414822103,11.533197040498443,34.88189982476636,21.967508761682243,5.578088492990654,7.05399386682243
1835,00:01:16.480,0.9321033775561436,9.996750876168223,35.086704147196265,18.601489485981308,5.265442464953271,6.123320677570093
1836,00:01:16.522,0.9125988308181975,9.65802667445483,32.52665011682243,17.36492406542056,5.5124853971962615,6.096670560747664
1837,00:01:16.564,0.996625707824796,10.11233206775701,32.85247517523364,19.37967289719626,4.655702394859813,6.301620911214953
1838,00:01:16.606,1.0451857124542325,10.689690420560746,34.86328125,20.790303738317757,4.718348422897196,6.56041910046729
1839,00:01:16.647,0.9511405694653988,10.241810260903426,32.32184579439252,19.25131425233645,4.991785922897196,6.482330607476635
1840,00:01:16.689,0.9730438906674679,10.898035922897195,33.54136244158879,20.073160046728972,5.572210864485982,7.048736857476635
1841,00:01:16.731,0.9579547525181556,11.371641355140186,30.143472546728972,21.271137558411215,5.649532710280374,7.194253796728972
1842,00:01:16.772,0.9925423263573092,12.49662918613707,31.120947721962615,22.85678300233645,6.660813376168225,7.972291179906542
1843,00:01:16.814,1.0739151208842548,13.846524532710278,35.729044976635514,24.7569363317757,7.803701810747664,8.978935455607477
1844,00:01:16.856,1.0234327941972274,14.245899045950155,36.64135514018692,25.574766355140188,7.89913113317757,9.26379964953271
1845,00:01:16.897,0.8840758247434526,13.45983012071651,41.28668954439252,24.04837178738318,7.117771612149533,9.213346962616823
1846,00:01:16.939,1.0391619910597936,15.87590050623053,44.97316734813084,28.31187938084112,8.456301109813085,10.859521028037383
1847,00:01:16.981,1.0841337129986541,16.93066102024922,46.3602511682243,32.12134929906542,7.898766063084112,10.77186769859813
1848,00:01:17.023,1.0261347260029317,16.474007009345797,43.930527161214954,30.62638726635514,8.811733352803738,9.983900408878505
1849,00:01:17.064,1.039635361434402,16.657320872274145,38.447356892523366,31.268180490654206,8.949291764018692,9.754490362149532
1850,00:01:17.106,0.9065722715452434,14.75383323598131,35.41252920560748,27.96692464953271,7.51953125,8.775043808411215
1851,00:01:17.148,1.0698779327951031,15.930588006230531,37.75846962616822,29.773364485981308,8.189690420560748,9.828709112149532
1852,00:01:17.189,1.1924633343973996,16.03530227803738,32.815238025700936,29.873649240654206,8.33367406542056,9.898583528037383
1853,00:01:17.231,0.8524336500104682,12.113938376168223,26.950386974299064,24.02993574766355,5.104446553738318,7.207432827102804
1854,00:01:17.273,0.814348866833461,10.990471670560746,29.4266574182243,20.94947429906542,5.3679541471962615,6.653986565420561
1855,00:01:17.314,1.2336516285809567,13.887655763239875,33.625146028037385,26.208199474299064,7.1334331191588785,8.321334696261681
1856,00:01:17.356,1.0466721695403947,11.947198695482866,29.668698890186917,22.199437792056074,6.583674065420561,7.058484228971962
1857,00:01:17.398,0.8331579672025539,9.977815907320874,24.967508761682243,18.68326518691589,4.989376460280374,6.260806074766355
1858,00:01:17.440,0.9756010975357102,10.801900798286605,29.07290449766355,21.349883177570092,4.458564544392523,6.597254672897196
1859,00:01:17.481,0.9743593251517922,11.266841900311526,32.535959404205606,22.963675525700936,4.083893107476635,6.752957067757009
1860,00:01:17.523,0.8997095203138443,11.096329828660437,31.26058703271028,20.82560601635514,5.59904351635514,6.864339953271028
1861,00:01:17.565,1.2201116822274278,14.377287772585673,36.59480870327103,26.674540011682243,7.598532418224299,8.858790887850468
1862,00:01:17.606,1.1113227426609327,12.886913454049845,34.89120911214953,24.439033294392523,6.794246495327103,7.427460572429907
1863,00:01:17.648,1.0324086566503856,11.8842484423676,27.27621203271028,23.02993574766355,5.900299357476635,6.722510221962617
1864,00:01:17.690,0.8183758780053538,9.026187694704051,22.844991238317757,17.395443925233646,4.21301839953271,5.470100759345795
1865,00:01:17.731,0.9617824268635888,9.754356503115265,22.87291910046729,19.64208528037383,3.562901577102804,6.058082651869159
1866,00:01:17.773,0.9513935764554724,9.592046339563863,24.85579731308411,18.425197137850468,4.17370035046729,6.1772415303738315
1867,00:01:17.815,0.957590446671203,10.065347546728972,24.3624050817757,19.51372663551402,4.774350175233645,5.907965829439252
1868,00:01:17.857,1.1832282978037054,11.482513142523365,27.93717143691589,21.7578125,6.005257009345795,6.684469918224299
1869,00:01:17.898,1.1406880577392495,11.215561721183802,27.62065566588785,21.52752628504673,4.932571553738318,7.186587324766355
1870,00:01:17.940,0.7827343494523405,7.94461886682243,29.80833820093458,14.38350613317757,4.043625876168225,5.406724591121495
1871,00:01:17.982,1.1617100672269451,9.83663113317757,32.99211448598131,18.48291471962617,4.849956191588785,6.177022488317757
1872,00:01:18.023,1.0324415439956505,8.064605237538942,32.26599007009346,14.725467289719626,4.387156834112149,5.081191588785047
1873,00:01:18.065,0.87522755860423,6.644701616043615,25.3584988317757,12.41796875,3.1000292056074765,4.416106892523365
1874,00:01:18.107,0.3346689451951195,6.818840050623053,19.50295706775701,13.373284170560748,2.7140405957943927,4.369195385514018
1875,00:01:18.148,0.2630751371169059,5.647804711838006,20.024277161214954,10.32403621495327,2.8374342873831777,3.78194363317757
1876,00:01:18.190,6.9632979366587895,61.142413843457945,119.41953855140187,92.50160630841121,41.569509345794394,49.35612587616822
1877,00:01:18.232,0.501089719002808,11.26768156152648,9.700277453271028,11.303519275700934,9.004709404205608,13.494816004672897
1878,00:01:18.274,0.4458069580210504,11.388349396417446,9.811988901869158,11.964259637850468,8.720757885514018,13.48003066588785
1879,00:01:18.315,0.7936136846332056,11.766854069314642,11.22700058411215,12.912200642523365,8.176328855140186,14.212032710280374
1880,00:01:18.357,1.1508299347824353,18.004940615264797,22.314361857476637,21.916033878504674,11.616274824766355,20.482513142523363
1881,00:01:18.399,1.0834820281131243,18.64674600856698,26.5221597546729,22.44845210280374,12.402964369158878,21.088821553738317
1882,00:01:18.440,1.2390199462201448,20.778767523364486,33.513434579439256,24.91997663551402,14.288222838785046,23.128103095794394
1883,00:01:18.482,1.1268212708124148,18.289512753115265,25.94498393691589,20.94009199766355,12.585207359813085,21.34323890186916
1884,00:01:18.524,0.7778749403996333,12.140101732866043,17.93899678738318,13.107695677570094,8.441296728971963,14.871312792056075
1885,00:01:18.565,0.9676033513865611,13.358657028816198,14.029096086448599,14.624087324766355,9.7890625,15.662821261682243
1886,00:01:18.607,0.7003768580559563,10.00007301401869,9.393070969626168,10.479410046728972,7.353460864485982,12.167348130841122
1887,00:01:18.649,1.0781440532388786,14.794003115264795,15.807169976635514,16.535886390186917,10.02186769859813,17.824255257009344
1888,00:01:18.691,1.211651634408767,16.819764894859812,18.907162675233646,18.71692464953271,11.433557242990654,20.308812792056074
1889,00:01:18.732,0.902871203332768,14.708430685358254,15.313777745327103,16.618246203271028,9.702759929906541,17.804285922897197
1890,00:01:18.774,0.9775026380479448,16.024228485202492,14.038405373831775,18.519056658878505,10.564361857476635,18.989266939252335
1891,00:01:18.816,1.058646563481079,17.52492211838006,18.683739778037385,20.23116238317757,10.822502920560748,21.521101051401867
1892,00:01:18.857,0.9086530770162745,16.51899581386293,17.678336740654206,18.024532710280372,10.373722254672897,21.158732476635514
1893,00:01:18.899,1.0101036878120233,18.964673383956384,18.404461156542055,22.14894859813084,11.163989485981308,23.58108206775701
1894,00:01:18.941,1.084691594863102,20.204779984423677,22.87291910046729,23.0108425817757,12.251898364485982,25.351599007009344
1895,00:01:18.982,1.1128371349462025,20.85120959890966,23.114960572429908,23.91734813084112,12.660886390186915,25.975394275700936
1896,00:01:19.024,0.9546591493836276,18.173968068535824,20.005658586448597,20.672860689252335,10.886682242990654,22.962361273364486
1897,00:01:19.066,0.9818142825342185,17.604507398753892,15.881644275700934,19.96049941588785,10.28741968457944,22.565603095794394
1898,00:01:19.108,1.0857822734906255,17.488013531931465,13.991858936915888,18.90807535046729,10.445787091121495,23.110178154205606
1899,00:01:19.149,0.9724683554152934,15.20916082554517,12.632702978971963,15.6328125,9.49288113317757,20.501788843457945
1900,00:01:19.191,0.8562926442683855,13.437852901090343,9.88646320093458,12.52299941588785,8.809104848130842,18.981454439252335
1901,00:01:19.233,0.8966128988979544,14.028621495327101,8.806585864485982,13.629745911214954,8.982367114485982,19.473751460280372
1902,00:01:19.274,1.0857544202874385,16.046449084890966,11.059433411214954,16.819728387850468,9.668844918224298,21.650773948598133
1903,00:01:19.316,1.2839204734496696,17.8915011682243,15.332396320093459,19.156323014018692,10.570531542056075,23.947648948598133
1904,00:01:19.358,0.8486838833533974,13.758335767133955,13.731198890186915,14.592946845794392,7.860178154205608,18.821882301401867
1905,00:01:19.399,0.67995129971661,11.906809774143303,12.251022196261681,13.37317464953271,6.3459039135514015,16.001350759345794
1906,00:01:19.441,1.238068599790154,19.000754478193148,17.212872371495326,20.92464953271028,11.160046728971963,24.917567172897197
1907,00:01:19.483,1.1690346407787644,19.394482573987542,19.65190566588785,21.882009345794394,11.281359521028037,25.020078855140188
1908,00:01:19.525,0.8152640045835514,16.328745619158877,14.764529789719626,17.766428154205606,9.373101635514018,21.84670706775701
1909,00:01:19.566,0.9749941101028449,19.124367211838006,20.750401577102803,21.90183265186916,10.978533878504672,24.492735105140188
1910,00:01:19.608,1.2609189386213595,22.595526674454828,33.578599591121495,26.54260367990654,12.869341413551401,28.37463492990654
1911,00:01:19.650,1.120576009511239,20.140661507009344,20.5455972546729,24.123393691588785,10.807316004672897,25.491274824766354
1912,00:01:19.691,0.8904351469494343,16.085779302959498,11.729702102803738,18.980395735981308,8.867844626168225,20.409097546728972
1913,00:01:19.733,0.8028543615091155,14.088286117601248,11.469042056074766,15.964515186915888,8.368976343457945,17.931366822429908
1914,00:01:19.775,0.9583539450961193,15.435832846573208,15.081045560747663,16.345356308411215,9.452285338785046,20.509856892523363
1915,00:01:19.817,1.191859495754642,18.528718847352025,19.31677132009346,19.844042056074766,10.820202978971963,24.921911507009344
1916,00:01:19.858,0.9361213480842345,15.72365410825545,14.690055490654206,16.81319363317757,8.942172897196262,21.415595794392523
1917,00:01:19.900,0.9719919685726756,16.936465634735203,15.86302570093458,17.983206775700936,9.933630257009346,22.892559871495326
1918,00:01:19.942,0.9158377524980345,16.285375292056077,16.51467581775701,18.295816296728972,9.065858644859814,21.49445093457944
1919,00:01:19.983,1.0724797949189167,19.16021709501558,19.167822721962615,21.146904205607477,11.344735689252337,24.989011390186917
1920,00:01:20.025,1.054169249587563,19.30743769470405,20.834185163551403,20.68509053738318,11.408695969626168,25.828526577102803
1921,00:01:20.067,0.9800818108698873,18.932084793613708,20.601452978971963,19.73211156542056,11.731052862149532,25.333089953271028
1922,00:01:20.108,0.5900622706322268,18.883566978193148,19.558812792056074,20.81049211448598,11.047021028037383,24.793187792056074
1923,00:01:20.150,0.7293716400410182,19.91614339953271,17.3897488317757,21.396721670560748,11.898364485981308,26.453344042056074
1924,00:01:20.192,6.64812310899431,69.85500632788161,180.11609228971963,68.60360689252336,93.84185163551402,47.11956045560748
1925,00:01:20.234,0.06625952391089661,1.5529108255451716,4.850138726635514,2.227986273364486,1.2135294976635513,1.2172167056074767
1926,00:01:20.275,0.08886407422564364,1.677290206386293,6.721305490654205,2.506571261682243,1.3892742406542056,1.13602511682243
1927,00:01:20.317,1.2554251658578002,2.2987368574766354,7.456739193925234,3.5685966705607477,1.6635879088785046,1.6640259929906542
1928,00:01:20.359,0.8118286385105903,1.7924819898753894,6.255841121495327,2.638872663551402,1.4876606308411215,1.2509126752336448
1929,00:01:20.400,0.785387483142638,2.301487052180685,7.680162091121495,3.519713785046729,1.7470064252336448,1.6377409462616823
1930,00:01:20.442,0.4760841447987303,2.5543102609034265,6.739924065420561,3.71805636682243,2.0426401869158877,1.9022342289719627
1931,00:01:20.484,0.6856545468218539,5.076007593457944,7.484667056074766,6.390186915887851,4.246057242990654,4.591778621495327
1932,00:01:20.525,1.9447625190740485,12.291021709501559,12.735105140186915,13.053628796728972,14.230140186915888,9.589296144859814
1933,00:01:20.567,1.8639718509117293,12.465805101246106,12.120692172897197,12.986565420560748,11.193779205607477,13.217070677570094
1934,00:01:20.609,0.6294249295331922,5.1841291861370715,4.282272196261682,6.159900700934579,2.880804614485981,6.511682242990654
1935,00:01:20.651,0.6822931570719777,4.199900214174455,4.812901577102804,5.021940712616822,2.2406542056074765,5.337105724299065
1936,00:01:20.692,1.029608448472064,3.988451616043614,3.6864778037383177,4.532053154205608,1.927935163551402,5.5053665303738315
1937,00:01:20.734,0.8413642836309984,2.983876070872274,2.6903840537383177,3.316552278037383,1.559871495327103,4.075204439252336
1938,00:01:20.776,0.9959904421753546,3.1271174065420557,2.169063960280374,3.4460426401869158,1.4698452102803738,4.4654643691588785
1939,00:01:20.817,1.0154897925797093,2.8704244548286604,2.485579731308411,3.0980943341121496,1.5246057242990654,3.9885733060747666
1940,00:01:20.859,0.9740425234786857,2.7160728193146415,2.4483425817757007,2.902708820093458,1.2954877336448598,3.9500219042056073
1941,00:01:20.901,0.94426428555705,2.4794952297507784,1.619816004672897,2.739485981308411,1.002299941588785,3.69669976635514
1942,00:01:20.942,1.1288492477913574,2.676779108255452,2.857951226635514,2.933192172897196,1.2168151285046729,3.880330023364486
1943,00:01:20.984,1.0140651101810574,2.240118769470405,2.857951226635514,2.48116238317757,1.058046144859813,3.181147780373832
1944,00:01:21.026,0.9965396900071158,2.0492966316199377,1.1543516355140186,2.1944728387850465,0.8653621495327103,3.088054906542056
1945,00:01:21.068,0.801229367288426,1.6306220794392523,1.6384345794392523,1.676839953271028,0.7039646612149533,2.511061623831776
1946,00:01:21.109,0.9147819049609117,1.6781298676012462,2.1132082359813085,1.7474080023364487,0.8308995327102804,2.456082067757009
1947,00:01:21.151,1.3756861174132267,2.173055393302181,1.8246203271028036,2.3810966705607477,1.0784900700934579,3.0595794392523366
1948,00:01:21.193,0.8464294509168727,1.4848617601246106,2.2156103971962615,1.5693633177570094,0.7375511098130841,2.1476708528037385
1949,00:01:21.234,0.7628480936559707,1.5248491043613708,1.2195166471962617,1.5762266355140186,0.7299576518691588,2.2683630257009346
1950,00:01:21.276,0.7404196441562506,1.6410265771028039,1.1822794976635513,1.717472254672897,0.7426620911214953,2.462945385514019
1951,00:01:21.318,1.0817353398103275,2.6966145833333335,1.9735689252336448,2.9219480140186915,1.1892158294392523,3.978679906542056
1952,00:01:21.359,1.0552365196165607,3.159061039719626,3.658549941588785,3.463054906542056,1.5822502920560748,4.431877920560748
1953,00:01:21.401,1.0356671024356692,3.6465026285046727,3.165157710280374,3.8782856308411215,1.7452540887850467,5.315968165887851
1954,00:01:21.443,1.0449570583816414,3.9906542056074765,4.850138726635514,4.256242698598131,2.2294830607476634,5.486236857476635
1955,00:01:21.485,1.0507838050095022,4.23735640576324,5.790376752336448,4.402745327102804,2.4875511098130842,5.8217727803738315
1956,00:01:21.526,1.0341110437253993,4.232939057632398,4.794283002336448,4.482403621495327,2.3811331775700935,5.835280373831775
1957,00:01:21.568,1.0608975767337345,4.260173286604361,5.781067464953271,4.373028621495327,2.4338127920560746,5.973678446261682
1958,00:01:21.610,0.9851863623809826,3.8850637655763243,4.887375876168225,4.06918078271028,2.212726343457944,5.373284170560748
1959,00:01:21.651,0.9904841794504772,3.707165109034268,4.272962908878505,3.9695896612149535,2.004417348130841,5.147488317757009
1960,00:01:21.693,1.0003568225927464,3.5736468068535827,4.822210864485982,3.757155373831776,2.019932827102804,4.9438522196261685
1961,00:01:21.735,0.919650661032463,3.252239096573208,4.310200058411215,3.4221305490654204,1.7249196845794392,4.609667056074766
1962,00:01:21.776,1.0007971789410426,3.445020443925234,4.114705023364486,3.651796144859813,2.0034681658878504,4.679797021028038
1963,00:01:21.818,1.0018592032342652,3.419708917445483,4.096086448598131,3.5438084112149535,2.0203344042056073,4.694983936915888
1964,00:01:21.860,1.0456459856288136,3.523510514018691,3.9564471378504673,3.5401942172897196,2.07560601635514,4.954731308411215
1965,00:01:21.902,1.029040769070117,3.432681074766355,4.0681585864485985,3.3083016939252334,2.154497663551402,4.83524386682243
1966,00:01:21.943,1.0036085422640915,3.1813789914330215,3.723714953271028,3.1038989485981308,1.8364120911214954,4.603825934579439
1967,00:01:21.985,1.1424918333738292,3.2186283099688473,3.9099007009345796,3.173882885514019,1.8819728387850467,4.600029205607477
1968,00:01:22.027,0.924918812477323,2.5049406152647973,3.397889894859813,2.5858279789719627,1.4686039719626167,3.460389894859813
1969,00:01:22.068,0.8352141908215415,2.1498004283489096,2.5507447429906542,2.206374123831776,1.1673116238317758,3.0757155373831777
1970,00:01:22.110,1.0207430054237545,2.283318730529595,3.0255183995327104,2.3541910046728973,1.1627482476635513,3.3330169392523366
1971,00:01:22.152,1.0519357409504637,2.288916471962617,4.1053957359813085,2.2190055490654204,1.2134564836448598,3.43428738317757
1972,00:01:22.193,0.8980172752257558,2.0040157710280373,4.030921436915888,2.0589223130841123,1.0692172897196262,2.883907710280374
1973,00:01:22.235,0.9875163369237009,2.266501168224299,3.6492406542056073,2.622882593457944,0.9908367406542056,3.1857841705607477
1974,00:01:22.277,0.8235224936665869,2.0876654984423673,4.217107184579439,2.2639821845794392,1.124269859813084,2.8747444509345796
1975,00:01:22.319,1.0619216621976493,2.8000146028037385,2.830023364485981,3.042786214953271,1.5112806658878504,3.8459769275700935
1976,00:01:22.360,1.0892148724198718,3.0696432048286604,3.891282126168224,3.2261244158878504,1.8384929906542056,4.144312207943925
1977,00:01:22.402,1.000889162744081,3.123162480529595,4.170560747663552,3.0972181658878504,2.0614778037383177,4.210791471962617
1978,00:01:22.444,1.0266063223645723,3.2620229750778815,4.7570458528037385,2.9991603387850465,2.450569509345794,4.336339077102804
1979,00:01:22.485,1.0275122173355988,3.349871008566978,5.185273072429907,3.1749415887850465,2.446736273364486,4.4279351635514015
1980,00:01:22.527,0.9074694724657287,3.1672507788161997,5.967253212616822,2.867698598130841,2.4227146612149535,4.211339077102804
1981,00:01:22.569,0.18051576833436084,3.4882690809968846,6.144129672897196,3.291727511682243,2.7424065420560746,4.430673189252336
1982,00:01:22.611,0.17335980662511705,3.8606405763239877,6.730614778037383,3.660667348130841,2.8346597546728973,5.086594626168225
1983,00:01:22.652,6.51626981587735,66.91784705996885,189.7605140186916,48.77745327102804,88.36733352803738,63.60875438084112
1984,00:01:22.694,0.5891852129478903,15.504733742211839,16.98014018691589,13.489778037383177,8.081812207943925,24.942610981308412
1985,00:01:22.736,0.6503169880334126,18.223751460280372,19.633287091121495,17.04052278037383,8.88142523364486,28.74930636682243
1986,00:01:22.777,1.0625010436720081,16.259966413551403,15.24861273364486,15.551146320093459,7.926876460280374,25.301876460280372
1987,00:01:22.819,0.8571045204167236,13.40895151869159,13.768436039719626,12.636317172897197,6.452686915887851,21.13785046728972
1988,00:01:22.861,0.9946678750867406,14.076494353582554,13.610178154205608,13.893107476635514,7.160703855140187,21.175671728971963
1989,00:01:22.902,0.9745303340986169,14.017693730529595,11.57144421728972,13.59002628504673,7.386828271028038,21.07622663551402
1990,00:01:22.944,0.8368515991744291,12.92120570482866,12.483754380841122,13.11587324766355,6.3367041471962615,19.31103971962617
1991,00:01:22.986,1.2055065050290172,17.12955120716511,20.703855140186917,17.3984375,8.60521320093458,25.385002920560748
1992,00:01:23.028,1.1669585202903208,16.537297994548286,18.171728971962615,17.27803738317757,8.33228679906542,24.001569801401867
1993,00:01:23.069,0.9191687922909947,13.361492406542055,11.60868136682243,13.877628504672897,6.917676693925234,19.289172021028037
1994,00:01:23.111,1.0018156388341426,13.272877725856697,9.551328855140186,13.622261974299066,7.043771904205608,19.15259929906542
1995,00:01:23.153,0.8129782002378765,11.206252433800623,9.61649386682243,9.570969626168225,6.877811039719626,17.16997663551402
1996,00:01:23.194,0.8036870672984783,11.890247760903426,14.606271904205608,11.223386390186915,5.976379964953271,18.470976927570092
1997,00:01:23.236,1.0774507347123208,16.612173870716514,17.27803738317757,13.306585864485982,10.52362003504673,26.00631571261682
1998,00:01:23.278,1.0123006819750218,18.08719090732087,23.263909170560748,15.01153621495327,10.9921875,28.257849007009344
1999,00:01:23.319,0.9865235214714133,20.488451616043616,31.940165011682243,21.30209550233645,10.288587908878505,29.87467143691589
2000,00:01:23.361,0.9838168449571674,22.47876508956386,38.78249123831776,20.460462908878505,13.103716413551401,33.87211594626168
2001,00:01:23.403,1.024115476694372,25.895212714174452,41.71491676401869,26.23828125,14.099846670560748,37.347510221962615
2002,00:01:23.445,0.9623776037311166,26.923250097352025,41.249452394859816,27.85043078271028,14.525737441588785,38.39358206775701
2003,00:01:23.486,1.0583396772342715,31.251302083333332,57.903767523364486,31.37941734813084,16.925817757009344,45.448671144859816
2004,00:01:23.528,1.0896864869084109,32.27778183411215,60.286945093457945,32.903840537383175,17.835827978971963,46.09367698598131
2005,00:01:23.570,1.190708206595227,33.01820482866044,67.58542640186916,34.526248539719624,16.62127628504673,47.907089661214954
2006,00:01:23.611,1.0052800151683614,27.291897877725855,44.14464077102804,30.22429906542056,14.102548189252337,37.54884637850467
2007,00:01:23.653,0.7554972843069594,20.098568925233646,24.306549357476637,22.84002628504673,10.018618574766355,27.43706191588785
2008,00:01:23.695,0.9827946307679977,23.19965683411215,36.43655081775701,25.593165887850468,11.30052570093458,32.7052789135514
2009,00:01:23.736,0.989044841448037,22.902635806074766,37.38609813084112,25.68958089953271,11.01821699766355,32.00010952102804
2010,00:01:23.778,1.0092424927411496,24.13011098130841,43.027526285046726,26.74576518691589,11.59557535046729,34.048992406542055
2011,00:01:23.820,1.0805141225049337,25.19693097741433,51.796875,28.60546875,12.718859521028037,34.266464661214954
2012,00:01:23.862,1.0404651222074732,24.337300428348907,37.330242406542055,28.001971378504674,13.055052570093459,31.954877336448597
2013,00:01:23.903,0.9431642124308335,21.907515576323988,33.37379526869159,25.707870911214954,11.096305490654206,28.918370327102803
2014,00:01:23.945,0.9888220467909057,22.3285995911215,33.066588785046726,23.859375,12.46206921728972,30.664354556074766
2015,00:01:23.987,0.91631236971715,21.04788502725857,31.018545560747665,23.057060455607477,11.305308119158878,28.781286507009344
2016,00:01:24.028,1.018078390975866,23.031335183021806,32.14496933411215,24.94757593457944,12.045597254672897,32.10083235981308
2017,00:01:24.070,1.1334621951422823,24.613378602024923,32.21944363317757,27.034937207943926,12.34670706775701,34.458491530373834
2018,00:01:24.112,1.0116728749733084,22.499574084890966,28.681914427570092,24.248138142523363,11.26953125,31.981052862149532
2019,00:01:24.153,0.9025131962840303,20.282077492211837,24.59513726635514,23.36970648364486,9.516209112149532,27.96031688084112
2020,00:01:24.195,0.9813817865092969,21.033087519470403,25.265405957943926,23.517559871495326,11.260367990654206,28.321334696261683
2021,00:01:24.237,1.0189402065952948,21.74550963785047,23.83177570093458,24.568888726635514,11.2890625,29.37857768691589
2022,00:01:24.279,0.9575533950647395,21.20129964953271,22.52847546728972,24.884747371495326,10.429030373831775,28.290121203271028
2023,00:01:24.320,1.0206725524016504,22.84873929127726,24.71615800233645,27.8094699182243,11.096195969626168,29.640551985981308
2024,00:01:24.362,1.0073042182658762,22.937122760903424,23.459404205607477,27.21674211448598,11.596926109813085,29.997700058411215
2025,00:01:24.404,1.0918280577378778,23.65992503894081,26.652489778037385,28.367406542056074,11.89610105140187,30.716267523364486
2026,00:01:24.445,1.1561556084459261,23.373235494548286,23.468713492990656,27.243100175233646,12.078161507009346,30.798444801401867
2027,00:01:24.487,0.8301415313067873,17.52094285436137,18.50686331775701,20.013763142523363,8.308046144859814,24.241019275700936
2028,00:01:24.529,0.8015896290855762,16.747371495327105,22.388836156542055,18.742114485981308,7.845319801401869,23.654680198598133
2029,00:01:24.570,1.0317091330836043,20.64335085669782,24.502044392523363,21.566625292056074,12.005804614485982,28.357622663551403
2030,00:01:24.612,1.0179505534377995,22.033270054517136,26.000839661214954,23.53256425233645,12.32907418224299,30.238171728971963
2031,00:01:24.654,0.9853328847111792,23.73396125389408,27.47170706775701,26.449328271028037,13.034791179906541,31.717764310747665
2032,00:01:24.696,0.9934523152943207,25.454256717289724,28.88671875,28.950788551401867,13.987806658878505,33.42417494158879
2033,00:01:24.737,1.0679007328179237,28.218129380841123,34.88189982476636,33.60649094626168,15.907162675233645,35.14073452102804
2034,00:01:24.779,1.0131661333526545,28.502725856697822,35.459075642523366,35.704220210280376,15.060820677570094,34.74313668224299
2035,00:01:24.821,0.9448025052475765,28.004758080218068,38.77318195093458,35.514785338785046,14.164537091121495,34.33495181074766
2036,00:01:24.862,1.042128403961126,30.852183119158877,45.20589953271028,39.73550671728972,14.26197429906542,38.559068341121495
2037,00:01:24.904,1.0339743770626617,30.990398656542055,41.7521539135514,40.45739632009346,14.428446261682243,38.08535338785047
2038,00:01:24.946,1.0353531309888986,30.922008859034268,37.81432535046729,40.91840683411215,14.46068195093458,37.386937792056074
2039,00:01:24.987,0.7918893937832492,30.109508859034275,37.12543808411215,39.27372955607477,14.797787675233645,36.257009345794394
2040,00:01:25.029,0.8650851691248209,27.512497566199382,32.75938230140187,35.57359813084112,13.537018107476635,33.426876460280376
2041,00:01:25.071,3.875466345512518,62.66456142912773,187.11667640186917,55.67610981308411,63.6275554906542,68.69001898364486
2042,00:01:25.113,0.14329039921650846,3.5168175623052966,3.900591413551402,3.2238244742990654,1.686441296728972,5.640186915887851
2043,00:01:25.154,0.18936312372687,3.539391063084112,3.7609521028037385,3.2629964953271027,1.752153913551402,5.6030227803738315
2044,00:01:25.196,1.1637957127547254,4.456702686915888,3.5468384929906542,4.302898656542056,1.979044976635514,7.088164427570093
2045,00:01:25.238,0.9850804158395563,4.126022196261682,3.816807827102804,4.003869742990654,1.6907491238317758,6.683447721962617
2046,00:01:25.279,0.9174575449859149,4.135587032710281,4.114705023364486,4.101270443925234,1.947466413551402,6.358024240654205
2047,00:01:25.321,1.035474420021549,4.622371495327102,5.399386682242991,4.725540303738318,2.1609228971962615,6.980651285046729
2048,00:01:25.363,1.0433878847559264,4.825545171339564,5.799686039719626,5.136499707943925,2.0890771028037385,7.251058703271028
2049,00:01:25.405,0.9987601162661788,4.768898461838006,5.027015186915888,4.78446261682243,2.2249196845794392,7.297313084112149
2050,00:01:25.446,1.0522441049555777,4.972668419003115,4.905994450934579,4.8912456191588785,2.3362660630841123,7.690493574766355
2051,00:01:25.488,1.0033841863827437,4.678689641744548,4.217107184579439,4.4445458528037385,2.1044465537383177,7.487076518691588
2052,00:01:25.530,1.0116649161758644,4.629964953271028,3.8633542640186915,4.378030081775701,2.0883469626168223,7.423517815420561
2053,00:01:25.571,0.9496541957536887,4.280106113707165,3.816807827102804,4.241822429906542,1.8756571261682242,6.722838785046729
2054,00:01:25.613,0.9777435703572153,4.374853971962617,4.142632885514018,4.187207943925234,1.7768326518691588,7.160521320093458
2055,00:01:25.655,0.9765356068780747,4.344553154205608,3.3513434579439254,4.0763726635514015,1.6707797897196262,7.286507009345795
2056,00:01:25.696,1.0528735378442742,4.643131814641745,3.2582505841121496,4.345684871495327,1.9106308411214954,7.673079731308412
2057,00:01:25.738,0.9742507654127032,4.497687889408099,3.9564471378504673,4.343275408878505,1.7294830607476634,7.420305198598131
2058,00:01:25.780,0.9243852113728347,4.422751168224299,3.900591413551402,4.2677789135514015,1.9281542056074767,7.072320385514018
2059,00:01:25.822,1.090048524903285,5.055807048286605,3.6864778037383177,4.9445458528037385,2.0409243574766354,8.18195093457944
2060,00:01:25.863,1.0163195074489586,4.941503602024922,4.114705023364486,4.738682827102804,2.074620327102804,8.011207651869158
2061,00:01:25.905,0.910337563330395,4.690651771806853,3.788879964953271,4.886426693925234,1.94071261682243,7.244816004672897
2062,00:01:25.947,1.0746325960897771,5.2794124805295946,5.175963785046729,5.389128212616822,2.462835864485981,7.986273364485982
2063,00:01:25.988,1.1233899790734123,5.33388093847352,4.999087324766355,5.460974007009346,2.403402453271028,8.137266355140186
2064,00:01:26.030,0.9946148013521771,4.685005354361371,4.300890771028038,4.698160046728972,1.9867844626168225,7.370071553738318
2065,00:01:26.072,0.9912576338385822,4.3370205412772584,3.565457067757009,4.529607184579439,1.7583966121495327,6.723057827102804
2066,00:01:26.113,0.9312778454510573,3.8911726051401874,3.3885806074766354,3.978351343457944,1.5577905957943925,6.137375876168225
2067,00:01:26.155,0.829087864557067,3.5910241433021812,2.839332651869159,3.5627920560747666,1.3353533878504673,5.8749269859813085
2068,00:01:26.197,0.9149132745501484,4.100211740654205,2.727621203271028,3.9417348130841123,1.7575934579439252,6.601306950934579
2069,00:01:26.239,1.04608024028905,4.996775214174455,5.166654497663552,4.889785338785047,2.5711886682242993,7.529351635514018
2070,00:01:26.280,1.0130390946525343,5.4471500194704054,6.916800525700935,5.536360981308412,2.7971670560747666,8.007922021028037
2071,00:01:26.322,1.0192349955033657,5.968275408878505,8.024605724299066,5.905446845794392,3.2780738901869158,8.721305490654206
2072,00:01:26.364,1.058006926140485,6.442890868380062,8.54592581775701,6.185820677570093,3.5085791471962615,9.634272780373832
2073,00:01:26.405,1.0381716278346023,6.5357525311526485,8.424905081775702,6.288806950934579,3.7210864485981308,9.597364193925234
2074,00:01:26.447,1.0164159743027457,6.407418224299065,7.633615654205608,6.2140771028037385,3.3664208528037385,9.64175671728972
2075,00:01:26.489,1.0375451406801857,6.363196066978193,7.251934871495327,6.018655081775701,3.747444509345794,9.323488609813085
2076,00:01:26.530,0.9709763966034443,5.873892620716511,6.600284754672897,6.061988901869159,2.8807316004672896,8.678957359813085
2077,00:01:26.572,0.29703091788447966,5.714673383956387,6.479264018691588,5.732586156542056,2.7099518107476634,8.70148218457944
2078,00:01:26.614,0.3077984260538735,5.712592484423676,5.5483352803738315,5.735871787383178,2.4541106892523366,8.947794976635514
2079,00:01:26.656,12.27244576558381,59.00760562694703,110.01715829439253,56.94293954439252,67.53110397196262,52.54877336448598
2080,00:01:26.697,0.1967760780295238,3.6419270833333335,9.15102949766355,2.5851343457943927,4.249744450934579,4.090902453271028
2081,00:01:26.739,0.22845524044348478,4.163356697819315,11.860032126168225,2.711083528037383,4.920013142523365,4.858973422897196
2082,00:01:26.781,1.148621003748003,5.148352316978193,14.075642523364486,4.078526577102804,5.596415011682243,5.770115362149533
2083,00:01:26.822,1.0376743566799702,5.097911799065421,13.852219626168225,4.225211740654205,5.33089953271028,5.737624123831775
2084,00:01:26.864,0.9548570870367661,5.025615751557631,15.779242114485982,3.978497371495327,5.482695677570093,5.615654205607477
2085,00:01:26.906,1.0033125459158383,5.313972449376947,14.59696261682243,4.400335864485982,5.542494158878505,5.999087324766355
2086,00:01:26.947,1.0194581091641708,5.492613415109034,12.697867990654206,4.748722254672897,5.766464661214953,5.962653329439252
2087,00:01:26.989,0.9810161684350867,5.569570190809969,13.852219626168225,5.0423481308411215,5.62248101635514,6.043881425233645
2088,00:01:27.031,0.9270481436862338,5.641951421339564,17.194253796728972,4.945677570093458,5.943012558411215,6.037164135514018
2089,00:01:27.073,0.9763170641338325,6.260854750778816,13.861528913551401,5.745582651869159,6.460426401869159,6.576555198598131
2090,00:01:27.114,1.0896843178872364,7.02068730529595,15.155519859813085,6.760441004672897,7.107403621495327,7.194217289719626
2091,00:01:27.156,1.1108901175644164,7.418698890186916,17.138398072429908,6.746641355140187,7.704840829439252,7.8046144859813085
2092,00:01:27.198,0.9601610802448449,6.449948890186916,17.296655957943926,5.84053738317757,6.6639894859813085,6.845319801401869
2093,00:01:27.239,1.1476732979537985,6.981138045171339,18.16241968457944,7.028548481308412,6.885623539719626,7.029242114485982
2094,00:01:27.281,1.0208384027937263,5.4497541861370715,14.67143691588785,5.4889018691588785,5.355870327102804,5.504490362149533
2095,00:01:27.323,1.0979845504635326,5.013045171339564,13.591559579439252,5.445860105140187,4.471341997663552,5.121933411214953
2096,00:01:27.364,0.729543150770085,2.9099007009345796,6.693377628504673,3.290011682242991,2.4553154205607477,2.984375
2097,00:01:27.406,0.8259907480587522,2.921923676012461,5.557644567757009,3.7263069509345796,2.0389529789719627,3.000511098130841
2098,00:01:27.448,0.7858968311782071,2.5699230919003115,5.157345210280374,2.7832943925233646,2.311952394859813,2.614522488317757
2099,00:01:27.490,1.1430924290157827,3.6570409852024923,8.480760806074766,3.9709404205607477,3.0963785046728973,3.903804030373832
2100,00:01:27.531,1.0580665284578423,3.5913405373831773,7.736017815420561,4.099591121495327,2.9354191004672896,3.7390113901869158
2101,00:01:27.573,1.1722553144088494,3.713821553738318,8.881060163551401,4.105067172897196,3.33915011682243,3.697247371495327
2102,00:01:27.615,1.2875105969745706,3.636207651869159,8.359740070093459,4.256279205607477,2.916216413551402,3.736127336448598
2103,00:01:27.656,0.5612348197470307,1.7878090926791277,4.0681585864485985,2.2855943341121496,1.267778913551402,1.8100540303738317
2104,00:01:27.698,0.7098066919524711,2.203891647196262,5.315603095794392,2.69991238317757,1.734922605140187,2.176839953271028
2105,00:01:27.740,1.0411647583885417,3.1880476051401874,8.871750876168225,4.0155519859813085,2.3680271612149535,3.1805636682242993
2106,00:01:27.781,1.081859319286872,3.8076080607476634,10.621896904205608,4.041106892523365,3.4111784462616823,3.970538843457944
2107,00:01:27.823,1.0451097673148766,4.448695482866044,11.627299941588785,5.145005841121495,3.7282783294392523,4.472802278037383
2108,00:01:27.865,0.8708322913019555,4.23738074376947,8.396977219626168,5.026066004672897,3.4479044976635516,4.238171728971962
2109,00:01:27.907,1.2082440084381494,5.793674552180685,11.050124123831775,6.275007301401869,5.001058703271028,6.104957651869159
2110,00:01:27.948,0.9949232788909043,5.413612246884735,10.593969042056075,5.830424941588785,4.690165011682243,5.720246787383178
2111,00:01:27.990,0.816198107190769,5.080790011682243,9.365143107476635,5.292603679906542,4.332396320093458,5.617370035046729
2112,00:01:28.032,1.0738506154913594,6.653098228193147,10.296071845794392,7.19713785046729,5.57925671728972,7.18290011682243
2113,00:01:28.073,1.0634553612833455,7.039403232087228,9.951628212616823,7.995874707943925,5.6984521028037385,7.423882885514018
2114,00:01:28.115,1.0118801141761662,7.248405860591901,8.713492990654206,7.969005549065421,6.100649824766355,7.675562207943925
2115,00:01:28.157,1.0148063021316034,7.4951810747663545,9.430308119158878,8.716194509345794,6.0060601635514015,7.763288551401869
2116,00:01:28.198,1.000627137179938,7.46553738317757,9.69096816588785,8.451701226635514,6.024496203271028,7.9204147196261685
2117,00:01:28.240,1.0442411904225921,7.789950837227413,9.355833820093459,8.782527745327103,6.416398948598131,8.17092581775701
2118,00:01:28.282,0.9581438711964516,7.309895833333333,9.588566004672897,8.561514310747663,5.750912675233645,7.6172605140186915
2119,00:01:28.324,0.9922707425670707,7.569046923676012,11.729702102803738,9.012083820093459,5.849189544392523,7.845867406542056
2120,00:01:28.365,1.0239149933892295,7.692367601246105,15.32308703271028,8.977986273364486,6.054176401869159,8.044940128504672
2121,00:01:28.407,1.0064143979496771,7.719808703271028,13.33089953271028,9.146502628504672,5.814215829439252,8.198707651869158
2122,00:01:28.449,0.9544602093288128,7.452054127725856,9.551328855140186,8.966742114485982,5.605833820093458,7.783586448598131
2123,00:01:28.490,1.012423056438291,7.96895687305296,12.83750730140187,9.71440566588785,5.914427570093458,8.27803738317757
2124,00:01:28.532,0.9944881282762874,7.849311234423676,9.30928738317757,9.221743574766355,6.1646831191588785,8.161507009345794
2125,00:01:28.574,1.0569003023305823,8.463517328660437,12.074145735981308,10.75226343457944,6.04435601635514,8.59393253504673
2126,00:01:28.616,0.9205348054156735,7.686733352803738,12.06483644859813,9.656980140186915,5.506133177570093,7.897086740654205
2127,00:01:28.657,1.0116743708899478,8.5264675817757,11.64591851635514,10.84897050233645,6.228606892523365,8.50182535046729
2128,00:01:28.699,1.0099570296715608,8.561867211838006,12.939909462616823,10.594261098130842,6.442720502336448,8.64862003504673
2129,00:01:28.741,1.0264631039725536,9.000182535046727,12.055527161214954,11.142304322429906,6.69001898364486,9.16822429906542
2130,00:01:28.782,0.9662679868183146,8.69644421728972,13.87083820093458,10.79019421728972,6.549613025700935,8.749525408878505
2131,00:01:28.824,1.0048538656314916,9.287821261682245,14.494560455607477,11.925124123831775,6.644677278037383,9.29366238317757
2132,00:01:28.866,0.9562656484229567,9.15026285046729,14.97864339953271,10.98393691588785,7.052132009345795,9.414719626168225
2133,00:01:28.907,1.042259952116474,10.124939154984425,15.676839953271028,12.63401723130841,7.392669392523365,10.348130841121495
2134,00:01:28.949,1.0251802600309623,10.165778329439254,15.965427862149532,13.19903621495327,7.069034754672897,10.22926401869159
2135,00:01:28.991,1.011636447241292,10.25377239096573,15.099664135514018,13.492224007009346,7.08663113317757,10.18246203271028
2136,00:01:29.033,0.9939225713331887,10.135380159657322,13.107476635514018,13.293297313084112,7.065968165887851,10.046875
2137,00:01:29.074,0.9778232285824928,10.117211838006233,14.25251898364486,13.42786214953271,6.876569801401869,10.047203563084112
2138,00:01:29.116,0.9818536621748276,10.252652842679128,11.33871203271028,13.64548043224299,7.015040887850467,10.097437207943925
2139,00:01:29.158,1.0351141888145254,10.744864680685358,14.717983352803738,14.165559287383177,7.43888726635514,10.630147488317757
2140,00:01:29.199,1.0313614509248161,10.77110105140187,13.740508177570094,13.78610543224299,7.609521028037383,10.917676693925234
2141,00:01:29.241,0.9900898508965503,10.3805003894081,12.60477511682243,12.964880257009346,7.268472546728972,10.908148364485982
2142,00:01:29.283,1.0067573798088183,10.396283586448599,12.176547897196262,13.269129672897197,7.083674065420561,10.836047021028037
2143,00:01:29.324,0.9769406067131728,10.02536020249221,12.846816588785046,12.727292640186915,6.906761098130841,10.442026869158878
2144,00:01:29.366,0.9783839060599117,10.129052278037383,12.418589369158878,12.86693195093458,6.856527453271028,10.663697429906541
2145,00:01:29.408,0.9613558903653728,10.142146125389408,13.470538843457945,12.839478679906541,6.997700058411215,10.589259637850468
2146,00:01:29.450,1.0198921940050256,10.847571066978192,14.55972546728972,13.770407418224298,7.472802278037383,11.299503504672897
2147,00:01:29.491,1.0288833005524851,11.197356892523365,14.587653329439252,14.064653913551401,7.854117990654205,11.673298773364486
2148,00:01:29.533,0.9882156477023458,11.075435650311526,13.777745327102803,14.183082651869158,7.499561915887851,11.54366238317757
2149,00:01:29.575,1.0082740972952091,11.466924649532709,13.842910338785046,15.24237003504673,7.522196261682243,11.636207651869158
2150,00:01:29.616,0.9722641960118773,11.31818292445483,15.183447721962617,15.121604848130842,7.337507301401869,11.495436623831775
2151,00:01:29.658,1.0296292377259042,11.900323695482866,13.861528913551401,15.682681074766355,7.858498831775701,12.159791179906541
2152,00:01:29.700,1.0589145461489176,12.121544003115266,13.973240362149532,16.276248539719628,7.734959112149533,12.353424357476635
2153,00:01:29.741,0.9934105676433571,11.324839369158878,12.511682242990654,14.42508761682243,7.705351927570093,11.844078563084112
2154,00:01:29.783,1.0177657189523945,11.2452175817757,12.102073598130842,13.926109813084112,7.4810893691588785,12.328453563084112
2155,00:01:29.825,0.9419125249038237,10.332749221183802,12.94921875,12.180052570093459,7.210353387850467,11.607841705607477
2156,00:01:29.867,0.958927335649829,10.416569314641745,12.176547897196262,12.504271320093459,6.9725832359813085,11.772853387850468
2157,00:01:29.908,1.0080681442592527,10.893241335669783,12.651321553738319,13.58706921728972,7.157892815420561,11.934761974299066
2158,00:01:29.950,0.9925129960363568,10.979714271806854,12.269640771028037,13.398547021028037,7.384820385514018,12.155775408878505
2159,00:01:29.992,1.0198748570129899,11.49519324376947,11.022196261682243,13.79826226635514,7.7163040303738315,12.97101343457944
2160,00:01:30.033,0.999498931177161,11.445154302959502,13.18195093457944,13.97524824766355,7.682096962616822,12.67811769859813
2161,00:01:30.075,1.0261813776564035,11.766610689252337,12.22309433411215,15.418881425233645,7.557023948598131,12.323926693925234
2162,00:01:30.117,1.0239403992958356,11.562049746884734,12.381352219626168,15.238390771028037,7.208564544392523,12.239193925233645
2163,00:01:30.158,1.006701395477205,11.363220404984425,12.195166471962617,14.850540303738319,7.035192757009346,12.203928154205608
2164,00:01:30.200,0.9558029007915245,10.59190031152648,13.926693925233645,14.322502920560748,6.247955607476635,11.205242406542055
2165,00:01:30.242,1.0533587498715855,11.229750778816198,13.656724591121495,16.121896904205606,6.088237441588785,11.479117990654206
2166,00:01:30.284,0.9581302527751159,10.17169246495327,12.409280081775702,14.35174503504673,5.603752920560748,10.559579439252337
2167,00:01:30.325,1.0260935072999426,10.516781055295949,12.111382885514018,14.796728971962617,5.7804833528037385,10.973130841121495
2168,00:01:30.367,1.0007681879393593,10.126326421339565,11.953125,14.273035922897197,5.544502044392523,10.561441296728972
2169,00:01:30.409,0.9238141480718185,9.469589661214954,11.99036214953271,12.492662091121495,5.5841851635514015,10.331921728971963
2170,00:01:30.450,1.0514529663819452,10.31615070093458,11.57144421728972,14.080570969626168,5.758652161214953,11.109228971962617
2171,00:01:30.492,1.0253287066543917,10.042883566978192,13.116785922897197,14.337215245327103,5.435528621495327,10.35590683411215
2172,00:01:30.534,0.9721099838530675,9.606515284267912,11.515588492990654,13.96553738317757,5.009455315420561,9.844553154205608
2173,00:01:30.575,1.008300535618522,9.786920755451712,11.655227803738319,13.936842873831775,5.093969042056075,10.32995035046729
2174,00:01:30.617,0.992512910522764,9.38255695093458,11.953125,13.192063376168225,5.011353679906542,9.944253796728972
2175,00:01:30.659,1.0584905021367768,9.79345551012461,11.245619158878505,13.965902453271028,5.176365362149533,10.23809871495327
2176,00:01:30.701,0.9374874571227838,8.626448111370717,11.422495619158878,12.183557242990654,4.518655081775701,9.177132009345794
2177,00:01:30.742,1.0637915960175874,9.213213103582556,11.496969918224298,13.398912091121495,4.617370035046729,9.62335718457944
2178,00:01:30.784,1.0209353048638965,8.417445482866043,10.500876168224298,11.858863901869158,4.404351635514018,8.989120911214954
2179,00:01:30.826,0.9732922781851723,7.805575837227415,10.88255695093458,10.840646904205608,4.063668224299065,8.51241238317757
2180,00:01:30.867,0.9567212713994648,7.33411214953271,9.411689544392523,10.613646320093459,3.6373028621495327,7.75138726635514
2181,00:01:30.909,0.9549013042377519,7.114291277258567,8.899678738317757,10.407746787383177,3.4747371495327104,7.460389894859813
2182,00:01:30.951,1.003851321242044,7.326214466510904,10.547422605140186,10.94027453271028,3.4071261682242993,7.631242698598131
2183,00:01:30.992,1.0029508734069483,7.335256035825545,9.281359521028037,11.023729556074766,3.3576591705607477,7.6243793808411215
2184,00:01:31.034,1.0146441213527189,7.408768983644861,8.899678738317757,11.075934579439252,3.447283878504673,7.703088492990654
2185,00:01:31.076,1.0031389922009417,7.405422507788162,9.88646320093458,11.124379380841122,3.60685601635514,7.485032126168225
2186,00:01:31.118,0.963697616315235,7.1404668029595015,10.258834696261681,10.540924357476635,3.536105432242991,7.3443706191588785
2187,00:01:31.159,1.0408372825513805,7.64450691199377,11.310784170560748,11.394056658878505,3.7962543808411215,7.743209696261682
2188,00:01:31.201,0.9784952924502563,7.179091218847353,9.551328855140186,10.792238609813085,3.508725175233645,7.236309871495327
2189,00:01:31.243,1.047948135715931,7.653317270249222,10.333308995327103,11.957177278037383,3.607622663551402,7.3951518691588785
2190,00:01:31.284,0.9671305842363414,6.909182729750778,11.161835572429906,10.460718457943925,3.3596670560747666,6.907162675233645
2191,00:01:31.326,1.0603258035871774,7.479799454828661,9.76544246495327,11.832615362149532,3.2620473130841123,7.344735689252336
2192,00:01:31.368,0.8719653371358246,6.26379964953271,10.640515478971963,9.844918224299066,2.9068706191588785,6.039610105140187
2193,00:01:31.410,1.0705147385105804,7.390685845015576,9.178957359813085,11.838566004672897,3.2710645443925235,7.0624269859813085
2194,00:01:31.451,1.0055026211126468,6.954500097352025,10.333308995327103,10.56571261682243,3.4570677570093458,6.840719918224299
2195,00:01:31.493,0.9841936702828274,6.917348130841121,10.528804030373832,10.56501898364486,3.341084988317757,6.845940420560748
2196,00:01:31.535,1.0636185867918668,7.093932535046729,9.867844626168225,11.09254526869159,3.2919465537383177,6.89730578271028
2197,00:01:31.576,1.0178368628498897,6.67464953271028,10.296071845794392,10.312901577102803,3.129818925233645,6.581228095794392
2198,00:01:31.618,0.9898807246589625,6.131985007788162,8.592472254672897,9.789975175233645,2.720502336448598,5.885477511682243
2199,00:01:31.660,1.0900968679842078,6.0874586253894085,8.443523656542055,9.833637558411215,2.5503431658878504,5.878395151869159
2200,00:01:31.701,0.9462078112089426,4.9226416471962615,7.763945677570093,7.929577978971962,2.045451226635514,4.7928957359813085
2201,00:01:31.743,0.9172357454765879,4.608036409657321,8.04322429906542,7.244779497663552,2.023948598130841,4.55538113317757
2202,00:01:31.785,0.8251961872630986,3.9825009735202492,7.000584112149533,6.49470648364486,1.6288332359813085,3.8239632009345796
2203,00:01:31.827,1.1043270835624024,5.10271855529595,7.363646320093458,8.497955607476635,1.9553884345794392,4.854811623831775
2204,00:01:31.868,1.020982034208017,4.6711083528037385,9.597875292056075,7.554870035046729,1.9596232476635513,4.498831775700935
2205,00:01:31.910,1.113309555535085,5.220989096573209,7.763945677570093,8.29428300233645,2.2302497079439254,5.138434579439252
2206,00:01:31.952,0.8309971657115659,3.99424406152648,6.600284754672897,6.460024824766355,1.6493866822429906,3.8733206775700935
2207,00:01:31.993,1.0756750199186205,4.990374318535825,8.341121495327103,7.96371203271028,2.103497371495327,4.903913551401869
2208,00:01:32.035,0.9362504057257326,4.343798676012461,8.117698598130842,6.93107476635514,1.9488536799065421,4.151467581775701
2209,00:01:32.077,1.063590311293241,4.998150311526479,9.672349591121495,7.84904351635514,2.275591413551402,4.869816004672897
2210,00:01:32.118,1.058401870796531,4.575508664330218,8.536616530373832,7.13854410046729,2.112916179906542,4.475065712616822
2211,00:01:32.160,0.1698925236046437,4.887594918224299,7.549832067757009,7.789099007009346,2.147780373831776,4.725905373831775
2212,00:01:32.202,0.10343291005853116,3.062597352024922,5.874160338785047,4.487003504672897,1.586996203271028,3.113792348130841
2213,00:01:32.244,18.330605047881548,102.43872906931465,162.33535338785046,64.80706045560747,86.50237295560747,156.00675379672896
2214,00:01:32.285,0.2216225561372041,6.536190615264797,22.966011974299064,6.523547021028038,1.3114778037383177,11.773547021028037
2215,00:01:32.327,0.26625274027862605,7.867211838006231,17.32458382009346,7.821298189252336,0.6973933995327103,15.082943925233645
2216,00:01:32.369,0.8201827190728149,4.601233936915889,7.326409170560748,3.8023510514018692,1.0356673481308412,8.965683411214954
2217,00:01:32.410,0.839504396650898,4.615483839563863,10.398474007009346,4.140990070093458,0.9470648364485982,8.758396612149532
2218,00:01:32.452,0.6698973662153815,3.4211570288161997,6.190676109813084,2.7973495911214954,1.175452686915888,6.290668808411215
2219,00:01:32.494,1.451866093267384,6.101866725077881,15.853716413551401,6.408440420560748,0.9334477219626168,10.96371203271028
2220,00:01:32.535,1.1485615181133553,5.109362830996885,12.60477511682243,5.125,1.0584477219626167,9.144640771028037
2221,00:01:32.577,0.7985571072147293,3.665096865264798,11.739011390186915,3.9151942172897196,0.5011682242990654,6.578928154205608
2222,00:01:32.619,0.9543860799312115,4.605833820093458,10.966340537383177,4.604921144859813,0.6326664719626168,8.579913843457945
2223,00:01:32.661,0.5173207701863046,2.5415328076323984,6.795779789719626,2.051839953271028,0.5412164135514018,5.031542056074766
2224,00:01:32.702,2.308646111127231,7.987867503894081,19.53088492990654,8.1953125,1.0990435163551402,14.669246495327103
2225,00:01:32.744,0.8713095003703392,3.3927058995327104,8.145626460280374,2.7062280957943927,0.9652453271028038,6.506644275700935
2226,00:01:32.786,0.7687769419082491,3.2998442367601246,7.5405227803738315,1.648108936915888,2.3708016939252334,5.880622079439252
2227,00:01:32.827,0.36652118323121385,1.7459598909657321,5.604191004672897,1.7916179906542056,0.4445458528037383,3.0017158294392523
2228,00:01:32.869,1.032464581091528,4.042786214953272,9.19757593457944,2.9084769275700935,0.973897488317757,8.245984228971963
2229,00:01:32.911,3.509356331132372,8.319059092679128,15.36032418224299,6.277197721962617,2.0966705607476634,16.5833089953271
2230,00:01:32.952,0.5411239934918624,2.29779984423676,4.245035046728972,2.0186550817757007,0.685200058411215,4.189544392523365
2231,00:01:32.994,0.32356218877399884,1.3956021222741433,4.077467873831775,1.26883761682243,0.5270882009345794,2.3908805490654204
2232,00:01:33.036,0.9723000117295172,3.2279375973520246,7.642924941588785,2.4437792056074765,1.0756060163551402,6.164427570093458
2233,00:01:33.078,1.050404961172859,3.408172702492212,7.084367698598131,2.7239705023364484,0.5781615070093458,6.922386098130841
2234,00:01:33.119,2.181944381767741,6.178020346573209,14.615581191588785,5.466523072429907,1.1668370327102804,11.90070093457944
2235,00:01:33.161,0.5634017063330846,2.176949474299066,5.771758177570093,1.4951080607476634,1.013142523364486,4.022597838785047
2236,00:01:33.203,0.6905835745593131,2.5126557632398754,7.149532710280374,1.9844480140186915,0.7663186331775701,4.787200642523365
2237,00:01:33.244,1.035791829336177,3.3569046923676016,7.791873539719626,2.4757958528037385,1.1751971378504673,6.4197210864485985
2238,00:01:33.286,0.8036013220217091,2.841936818535826,7.019202686915888,2.4672167056074765,0.7311623831775701,5.32743136682243
2239,00:01:33.328,1.849379327488257,5.432084793613707,14.187353971962617,5.368246203271028,1.0203709112149533,9.90763726635514
2240,00:01:33.369,0.8459519347959251,2.844358450155763,6.367552570093458,2.6717654789719627,0.5675014602803738,5.293808411214953
2241,00:01:33.411,0.6184185549763558,2.705790011682243,5.32491238317757,2.1048481308411215,0.9028548481308412,5.109667056074766
2242,00:01:33.453,0.5626660160040813,2.469455802180685,4.850138726635514,1.5197502920560748,1.3905884929906542,4.498028621495327
2243,00:01:33.495,1.7388142156306161,6.755451713395639,13.191260221962617,4.434031834112149,3.3599956191588785,12.472327686915888
2244,00:01:33.536,1.2371725016059465,5.249793126947041,12.586156542056075,4.788076810747664,0.9359301985981309,10.025372371495328
2245,00:01:33.578,1.229193105989274,5.115325642523365,13.489157418224298,4.640369450934579,1.0795122663551402,9.626095210280374
2246,00:01:33.620,0.6365066303693196,2.6332870911214954,7.475357768691588,2.566771320093458,0.7457651869158879,4.58732476635514
2247,00:01:33.661,0.4763955004396471,2.0075934579439254,6.246531834112149,1.8901139018691588,0.5944071261682243,3.5382593457943927
2248,00:01:33.703,1.294293928995433,4.175659559968847,9.225503796728972,3.7215245327102804,0.5662602219626168,8.239193925233645
2249,00:01:33.745,1.6777832280871692,4.932255159657321,12.06483644859813,4.806476343457944,0.9698817172897196,9.020407418224298
2250,00:01:33.786,0.9194805892655339,3.3316905179127723,7.717399240654205,3.17899386682243,0.8613463785046729,5.954731308411215
2251,00:01:33.828,0.5608250307166406,2.2440371884735204,4.831520151869159,1.8667859228971964,0.6878285630841121,4.177497079439252
2252,00:01:33.870,0.9528922089222,3.1418419003115265,8.04322429906542,2.938595210280374,0.6684798481308412,5.818450642523365
2253,00:01:33.912,1.412605838174809,4.599469431464175,11.217691296728972,4.157345210280374,0.7654059579439252,8.875657126168225
2254,00:01:33.953,0.7435044244599185,3.0134589174454827,9.169648072429906,2.9313668224299065,1.0996276285046729,5.009382301401869
2255,00:01:33.995,1.175989869038603,4.624732281931465,7.270553446261682,2.734521028037383,2.8777380257009346,8.261937792056075
2256,00:01:34.037,1.022755973351994,3.8461472936137073,10.044721086448599,3.7656980140186915,0.7851927570093458,6.987551109813084
2257,00:01:34.078,1.161658741853521,4.271441783489097,12.437207943925234,3.8617479556074765,0.6847254672897196,8.267851927570094
2258,00:01:34.120,0.8265201529885339,3.1326543029595015,8.797276577102803,2.6102511682242993,1.088785046728972,5.698926693925234
2259,00:01:34.162,0.7245444953913485,3.10454390576324,5.36214953271028,2.376058703271028,1.1712178738317758,5.766355140186916
2260,00:01:34.204,1.0648148528931574,3.938558703271028,8.955534462616823,3.4830972546728973,0.7481016355140186,7.5844772196261685
2261,00:01:34.245,1.725518323109051,5.796631619937695,10.873247663551401,5.228205315420561,1.0650189836448598,11.096670560747663
2262,00:01:34.287,0.6408287779210942,2.7614510319314642,7.605687792056075,2.7218896028037385,0.704731308411215,4.857732184579439
2263,00:01:34.329,0.8374799158129792,3.6328733450155766,7.00989339953271,2.5560017523364484,2.0293881425233646,6.313230140186916
2264,00:01:34.370,1.1344160217667654,3.8686842873831773,10.026102511682243,3.3104191004672896,1.0009126752336448,7.2947210864485985
2265,00:01:34.412,1.6031286859261624,4.924686039719626,10.77084550233645,4.264675817757009,0.9108498831775701,9.598532418224298
2266,00:01:34.454,0.6092764076370281,2.3221378504672896,4.989778037383178,1.9097546728971964,0.759053738317757,4.297605140186916
2267,00:01:34.495,0.6994935536915997,2.463991919781931,4.310200058411215,2.0885294976635516,0.7919100467289719,4.511536214953271
2268,00:01:34.537,1.2285469801897146,3.9878553348909658,7.568450642523365,3.742041471962617,0.5903548481308412,7.631169684579439
2269,00:01:34.579,0.792304900181488,2.8554687499999996,8.592472254672897,2.5872152453271027,0.4407126168224299,5.538478387850467
2270,00:01:34.621,1.7588037338247666,5.342374902647975,11.869341413551401,4.914281542056075,0.737405081775701,10.37543808411215
2271,00:01:34.662,0.7338097151926757,2.62178738317757,5.28767523364486,1.8264091705607477,1.0568779205607477,4.982075058411215
2272,00:01:34.704,0.6584424159451486,2.684908002336449,6.1999853971962615,2.2550379672897196,0.7673043224299065,5.03238171728972
2273,00:01:34.746,1.0456406442045576,3.408622955607477,6.795779789719626,2.5397926401869158,0.7909973714953271,6.895078855140187
2274,00:01:34.787,1.5284909930059132,4.937877239096574,10.361236857476635,4.244925525700935,0.9025627920560748,9.66614339953271
2275,00:01:34.829,0.6311996751450956,2.7947941004672896,5.315603095794392,2.3996057242990654,0.996969918224299,4.987806658878505
2276,00:01:34.871,0.9344122855667001,4.033902842679128,7.62430636682243,3.0892231308411215,1.5716997663551402,7.4407856308411215
2277,00:01:34.912,1.2776897880370899,5.330595307632399,10.621896904205608,3.8785776869158877,1.380330023364486,10.732878212616823
2278,00:01:34.954,0.9293057786449597,4.204926012461059,7.345027745327103,2.879964953271028,1.833783586448598,7.901029497663552
2279,00:01:34.996,1.4351426539636656,5.65460718457944,11.403877044392523,4.887740946261682,0.8049430490654206,11.271137558411215
2280,00:01:35.038,0.7760837986899746,3.0801085475077876,6.069655373831775,2.2644567757009346,1.163514894859813,5.812353971962617
2281,00:01:35.079,0.7355510157321247,3.144774630062305,7.810492114485982,2.950277453271028,0.8408659462616822,5.643180490654205
2282,00:01:35.121,0.7238443559589987,2.8708260319314642,5.883469626168225,2.202577394859813,1.1450058411214954,5.264894859813084
2283,00:01:35.163,1.6186666117128652,5.496057242990655,11.050124123831775,4.18611273364486,2.099007009345794,10.203051985981308
2284,00:01:35.204,0.9781354675982052,4.143387363707165,7.121604848130841,2.7554030373831777,1.9449474299065421,7.729811623831775
2285,00:01:35.246,0.7288827269870783,3.422702492211838,8.229410046728972,2.5117917640186915,1.44600613317757,6.310309579439252
2286,00:01:35.288,1.3485259834272127,5.154436818535825,7.493976343457944,3.518180490654206,1.8864997079439252,10.058630257009346
2287,00:01:35.329,1.0279837100738063,3.989400798286604,8.648327978971963,2.881571261682243,0.9366603387850467,8.149970794392523
2288,00:01:35.371,0.9618663429231128,3.7336083528037385,7.35433703271028,3.33915011682243,1.2217070677570094,6.639967873831775
2289,00:01:35.413,0.9721031327013737,3.212458625389408,6.609594042056075,2.5355943341121496,1.0880549065420562,6.013726635514018
2290,00:01:35.455,0.7793434322659776,3.1702200155763243,8.685565128504672,2.588894567757009,0.7985908294392523,6.12317464953271
2291,00:01:35.496,0.5509535201714368,2.325362636292835,5.7531396028037385,1.9485616238317758,0.7485032126168224,4.279023072429907
2292,00:01:35.538,2.3088966514503957,6.999805295950156,14.857622663551401,5.186331775700935,1.4649167640186915,14.348167348130842
2293,00:01:35.580,0.8668575006574204,3.4999756619937696,8.741420852803738,2.6534754672897196,1.244852511682243,6.601599007009346
2294,00:01:35.621,0.6549195260842645,3.1311088395638627,4.02161214953271,2.260367990654206,1.62959988317757,5.503358644859813
2295,00:01:35.663,0.9481411607428017,3.6939008956386292,6.106892523364486,2.33133761682243,1.8882520443925233,6.862113025700935
2296,00:01:35.705,1.3761473966865296,4.92994304906542,9.262740946261681,4.421619450934579,0.7223276869158879,9.645882009345794
2297,00:01:35.746,0.9723478040903247,4.022731697819315,8.704183703271028,3.2754818925233646,1.1232841705607477,7.6694290303738315
2298,00:01:35.788,0.7759686285570169,3.4819533683800628,9.411689544392523,3.1070020443925235,0.9090975467289719,6.4297605140186915
2299,00:01:35.830,1.0440253280934653,4.442732671339564,12.781651577102803,4.485725759345795,0.9315858644859814,7.910886390186916
2300,00:01:35.872,1.103646293796117,4.55353144470405,8.248028621495328,4.385404497663552,0.9043516355140186,8.37083820093458
2301,00:01:35.913,1.1235788841537493,4.963334793613708,7.940822137850467,4.5180709696261685,1.678628796728972,8.693304614485982
2302,00:01:35.955,0.7678965568931918,3.615569022585669,5.473860981308412,2.913660922897196,1.590573890186916,6.342472254672897
2303,00:01:35.997,1.2407382254826602,5.05790011682243,8.359740070093459,3.4618136682242993,1.9573963200934579,9.754490362149532
2304,00:01:36.038,1.1364231550731378,4.258859034267912,11.953125,4.364120911214953,0.6991822429906542,7.713273948598131
2305,00:01:36.080,0.8948760657528915,3.468336253894081,10.780154789719626,3.5684871495327104,0.7608060747663551,6.075715537383178
2306,00:01:36.122,0.7217770158393434,2.8485932632398754,5.557644567757009,2.853497371495327,0.8897123247663551,4.802570093457944
2307,00:01:36.163,0.9160948352307169,3.337738512461059,12.018290011682243,3.3049430490654204,0.7573014018691588,5.9509710864485985
2308,00:01:36.205,1.5038506707182362,4.721621884735202,12.483754380841122,5.0819582359813085,1.0510367990654206,8.031870619158878
2309,00:01:36.247,0.9415901954826295,3.5352170950155766,7.596378504672897,3.4965318341121496,1.0856454439252337,6.023474007009346
2310,00:01:36.289,0.6731887389946347,2.8372030763239877,7.242625584112149,2.9090245327102804,1.009564836448598,4.593019859813084
2311,00:01:36.330,1.1727377234229677,4.121507496105918,8.443523656542055,3.954366238317757,0.9499488901869159,7.460207359813084
2312,00:01:36.372,1.2921583854338048,4.479945482866043,9.784061039719626,4.510696553738318,0.9679103387850467,7.961229556074766
2313,00:01:36.414,0.7883980930873293,3.205364096573209,6.153438960280374,3.1838858060747666,0.9470283294392523,5.485178154205608
2314,00:01:36.455,0.9280497834854385,3.7040255062305296,4.7570458528037385,2.334477219626168,2.3547021028037385,6.422897196261682
2315,00:01:36.497,0.8798155879082378,3.9571894470404985,7.912894275700935,3.6067464953271027,1.097473714953271,7.1673481308411215
2316,00:01:36.539,0.9850032481060805,4.322271709501558,10.472948306074766,3.3470356308411215,1.2982622663551402,8.32151723130841
2317,00:01:36.580,1.9132443054412183,6.759333625389407,12.167238609813085,6.656432535046729,1.5076664719626167,12.113901869158878
2318,00:01:36.622,0.695656874942137,3.1317659657320873,4.868757301401869,2.1989632009345796,1.4917494158878504,5.7045852803738315
2319,00:01:36.664,0.5650668592729367,2.7204414914330215,6.051036799065421,2.3514529789719627,1.206848714953271,4.6030227803738315
2320,00:01:36.706,1.121461966622885,4.205485786604361,8.369049357476635,3.326920268691589,1.6930490654205608,7.596488025700935
2321,00:01:36.747,1.4901673487637486,5.160898559190032,11.478351343457945,5.060382593457944,1.1015259929906542,9.320787091121495
2322,00:01:36.789,0.9290734588723044,3.9869061526479754,5.827613901869159,3.072466413551402,1.7095867406542056,7.178665303738318
2323,00:01:36.831,0.6183618891632866,2.9403718847352027,28.151285046728972,2.7273291471962615,1.2088931074766356,4.88489339953271
2324,00:01:36.872,1.3258082941473393,4.858328465732087,29.771101051401867,4.183703271028038,1.4347254672897196,8.956556658878505
2325,00:01:36.914,1.4852815280608886,5.01426207165109,28.821553738317757,4.911032418224299,1.4892304322429906,8.642523364485982
2326,00:01:36.956,0.6195352736023583,2.7161701713395643,13.74981746495327,2.5367260514018692,0.8539719626168224,4.7578125
2327,00:01:36.997,0.6668214105858415,2.9889992211838012,8.77865800233645,2.6799795560747666,1.2405081775700935,5.046509929906542
2328,00:01:37.039,1.271589462004185,4.675233644859813,27.220356308411215,4.512375876168225,0.9783878504672897,8.534937207943925
2329,00:01:37.081,1.5598936140968194,5.524167640186916,35.97108644859813,5.522597838785047,1.4592216705607477,9.590683411214954
2330,00:01:37.123,0.8048886112904783,3.4774021612149535,9.560638142523365,2.872334988317757,1.1894348714953271,6.370436623831775
2331,00:01:37.164,0.6750350266324652,3.0238634151090342,6.702686915887851,2.6582943925233646,1.0082870911214954,5.405008761682243
2332,00:01:37.206,1.089616391851778,4.058143496884735,34.17439398364486,4.0525335864485985,0.8652891355140186,7.256607768691588
2333,00:01:37.248,1.4100773544273735,4.858547507788162,25.870509637850468,4.6789208528037385,1.0025554906542056,8.894166179906541
2334,00:01:37.289,0.8153103821565842,3.537699571651091,24.2786214953271,3.526832651869159,1.3463054906542056,5.739960572429907
2335,00:01:37.331,0.625035548364715,3.1626508956386292,5.539025992990654,3.234009929906542,1.1973933995327102,5.056549357476635
2336,00:01:37.373,1.1369661073497765,5.276990848909658,10.333308995327103,4.677898656542056,1.4276796144859814,9.725394275700934
2337,00:01:37.415,1.5958956219819935,6.566576616043615,10.258834696261681,4.915486273364486,2.7304322429906542,12.053811331775702
2338,00:01:37.456,1.0633042467402747,5.29823792834891,38.46597546728972,3.5702394859813085,3.2654059579439254,9.059068341121495
2339,00:01:37.498,0.48271454741530534,2.7207822235202492,37.749160338785046,2.6325934579439254,0.9103022780373832,4.619450934579439
2340,00:01:37.540,1.2857837352853068,5.366871105919003,9.858535338785046,4.8259710864485985,1.8942757009345794,9.380366530373832
2341,00:01:37.581,1.4285169849496098,5.313996787383178,34.39781688084112,5.221159462616822,1.415668808411215,9.305162091121495
2342,00:01:37.623,0.7621100121751624,3.3630135319314642,11.199072721962617,2.794757593457944,1.4265478971962617,5.867735105140187
2343,00:01:37.665,0.7483774673285826,3.429091218847352,10.742917640186915,2.992370035046729,1.5701664719626167,5.72473714953271
2344,00:01:37.706,0.8975285071418216,3.541106892523364,32.48941296728972,3.3442245911214954,1.0369450934579438,6.242150992990654
2345,00:01:37.748,1.7260998967806034,6.110019957165108,29.72455461448598,5.148327978971962,2.4608644859813085,10.720867406542055
2346,00:01:37.790,0.5823322650486327,2.879466024143302,10.165741822429906,2.7834769275700935,0.9053008177570093,4.949620327102804
2347,00:01:37.832,0.8856386171298242,4.309469918224299,10.64982476635514,3.7768691588785046,2.187865070093458,6.963675525700935
2348,00:01:37.873,1.536778531687232,5.81825593847352,34.17439398364486,5.102402161214953,2.3802205023364484,9.972145151869158
2349,00:01:37.915,1.0471020070264743,4.656043126947041,28.709842289719628,5.2571918808411215,1.489887558411215,7.221049941588785
2350,00:01:37.957,0.6453139384244969,3.2990532515576323,12.856125876168225,3.09696261682243,1.3589369158878504,5.441260221962617
2351,00:01:37.998,0.8533043702981216,4.359618380062305,13.25642523364486,4.383688668224299,1.4571042640186915,7.238062207943925
2352,00:01:38.040,1.140366452716207,5.615374318535825,8.452832943925234,4.448853679906542,2.2820896612149535,10.115179614485982
2353,00:01:38.082,1.48231391931167,6.865934092679129,12.76303300233645,6.44739339953271,2.8910630841121496,11.259345794392523
2354,00:01:38.123,1.0753266270632407,5.172130549065421,8.54592581775701,3.7083089953271027,3.0071918808411215,8.800890771028037
2355,00:01:38.165,0.6556810188966045,3.3804882204049846,13.936003212616823,4.005585572429907,0.693888726635514,5.441990362149533
2356,00:01:38.207,0.7708345483984747,3.3774946456386292,15.388252044392523,3.681804906542056,0.4322064836448598,6.018472546728972
2357,00:01:38.249,1.4429445163357093,5.207201616043614,16.412273656542055,5.424466997663552,0.9356381425233645,9.261499707943925
2358,00:01:38.290,0.9234025605570397,3.7666106892523366,12.511682242990654,4.370108060747664,0.9240289135514018,6.005695093457944
2359,00:01:38.332,0.8617591943869906,3.910338785046729,14.084951810747663,4.071480724299065,1.149313668224299,6.510221962616822
2360,00:01:38.374,0.8577322854218156,3.8211886682242997,11.403877044392523,3.9245035046728973,0.6891428154205608,6.849919684579439
2361,00:01:38.415,1.2589228758020363,5.355493088006231,18.841997663551403,5.469407126168225,1.1590610397196262,9.438011098130842
2362,00:01:38.457,1.0173673335867577,4.787517036604361,15.351014894859814,4.339259637850467,1.97977511682243,8.043516355140186
2363,00:01:38.499,0.8445108940010867,4.497067270249222,14.32699328271028,5.256242698598131,1.167421144859813,7.06753796728972
2364,00:01:38.540,1.0700528062277592,5.149411020249222,12.977146612149532,4.828928154205608,2.057535046728972,8.561769859813085
2365,00:01:38.582,1.2523117937947157,6.0078003309968855,19.949802862149532,5.345392815420561,2.5822867990654204,10.095721378504672
2366,00:01:38.624,0.6429659715706347,3.9568000389408096,11.76693925233645,4.434031834112149,0.9682389018691588,6.4681293808411215
2367,00:01:38.666,1.016117170306334,5.586193049065421,15.17413843457944,5.551839953271028,1.9491092289719627,9.25762996495327
2368,00:01:38.707,1.4325665233580498,7.872517523364486,13.591559579439252,6.47013726635514,3.7706994742990654,13.376715829439252
2369,00:01:38.749,0.6461984276537543,4.153232087227415,11.692464953271028,3.084039135514019,1.5551255841121496,7.820531542056075
2370,00:01:38.791,1.79023904447943,8.285350954049845,22.64018691588785,7.8633542640186915,2.739193925233645,14.253504672897197
2371,00:01:38.832,0.9118742740389324,3.9646490459501553,14.14080753504673,3.597838785046729,1.2921290887850467,7.0039792640186915
2372,00:01:38.874,0.5553071749975381,2.5218798676012457,5.390077394859813,2.0334769275700935,1.2495984228971964,4.282564252336448
2373,00:01:38.916,0.563525671226616,2.430746203271028,6.162748247663552,2.0730505257009346,1.196042640186916,4.023145443925234
2374,00:01:38.957,0.9190345798089089,3.484910436137072,14.233900408878505,3.0060966705607477,1.2618282710280373,6.18680636682243
2375,00:01:38.999,2.6641691708402893,7.282406055295951,21.793041764018692,8.712945385514018,1.1229556074766356,12.011317172897197
2376,00:01:39.041,0.7468839803233825,2.93266890576324,10.705680490654206,3.091048481308411,0.6975759345794392,5.009382301401869
2377,00:01:39.083,0.4362526513268885,2.085523753894081,5.4459331191588785,2.046875,0.5643983644859814,3.6452978971962615
2378,00:01:39.124,0.7995601079270087,2.8533148364485985,16.46812938084112,3.0892596378504673,0.6056512850467289,4.8650335864485985
2379,00:01:39.166,2.1734167938197584,6.0537748247663545,18.12518253504673,6.834623247663552,1.2129818925233644,10.11371933411215
2380,00:01:39.208,0.7441402121732024,3.2024557048286604,6.162748247663552,3.3189982476635516,1.0399751752336448,5.248393691588785
2381,00:01:39.249,0.6568083081413045,3.0001947040498442,5.930016063084112,2.9684944509345796,1.0673189252336448,4.9647707359813085
2382,00:01:39.291,1.2706819878717244,5.30697527258567,13.628796728971963,6.336886682242991,0.9096451518691588,8.67439398364486
2383,00:01:39.333,0.8066123359241355,3.708150798286604,16.24470648364486,3.755695093457944,0.7011171144859814,6.667640186915888
2384,00:01:39.374,1.7146537575174146,6.795110494548286,21.578928154205606,7.366931950934579,1.0865216121495327,11.931877920560748
2385,00:01:39.416,0.7298074753449811,3.2864826713395643,6.497882593457944,2.3544830607476634,1.626752336448598,5.87821261682243
2386,00:01:39.458,0.7612408895777356,3.550245813862928,11.562134929906541,3.543881425233645,1.0868866822429906,6.019969334112149
2387,00:01:39.500,1.0718777255892213,3.9593676985981308,11.273547021028037,4.034170560747664,1.0806439836448598,6.763288551401869
2388,00:01:39.541,1.2329912395371978,4.614084404205608,15.75131425233645,4.984594042056075,1.0091997663551402,7.848459404205608
2389,00:01:39.583,0.7761467094978932,3.324632496105919,10.668443341121495,3.2266720210280373,0.9613755841121495,5.78584988317757
2390,00:01:39.625,0.9844683219978139,4.134503991433022,12.818888726635514,3.808995327102804,1.5859009929906542,7.008615654205608
2391,00:01:39.666,1.1246960927480483,4.4260854750778815,13.917384637850468,4.520480432242991,1.0498685747663552,7.707907418224299
2392,00:01:39.708,1.1273971914001615,4.4341291861370715,12.884053738317757,4.77413113317757,1.053811331775701,7.474445093457944
2393,00:01:39.750,0.9201608538522867,3.8481795171339566,13.433301693925234,3.900883469626168,0.960572429906542,6.683082651869159
2394,00:01:39.791,0.7384963161306765,3.3235007788161997,14.36423043224299,3.0858644859813085,0.9620692172897196,5.92256863317757
2395,00:01:39.833,1.1815784436404593,4.544575058411215,18.264821845794394,5.065895151869159,0.8317026869158879,7.7361273364485985
2396,00:01:39.875,1.383401138343367,5.174564349688473,16.263325058411215,6.007666471962617,0.970867406542056,8.545159170560748
2397,00:01:39.917,0.6752515531288728,3.0385148948598135,7.987368574766355,2.941771320093458,0.9547678154205608,5.219005549065421
2398,00:01:39.958,0.943622648348039,4.055271612149533,10.351927570093459,3.592399240654206,1.589661214953271,6.9837543808411215
2399,00:01:40.000,1.0749768360659162,4.224895346573208,13.396064544392523,4.499780957943925,0.6908951518691588,7.484009929906542
2400,00:01:40.042,1.210399890899398,4.752251265576324,16.35641793224299,5.146429614485982,0.8743428738317757,8.235981308411215
2401,00:01:40.083,0.876936084427602,3.8748418029595015,9.495473130841122,3.788879964953271,1.1003942757009346,6.735251168224299
2402,00:01:40.125,0.7944852155131913,3.5497225467289724,12.800270151869158,4.001204731308412,0.6300744742990654,6.017888434579439
2403,00:01:40.167,1.3455918782500955,5.1475856697819315,17.89245035046729,5.676693925233645,1.0064252336448598,8.75963785046729
2404,00:01:40.209,0.9316713639577341,4.097132982866044,10.873247663551401,4.712251752336448,0.6203636098130841,6.9587835864485985
2405,00:01:40.250,0.7752735803146954,3.780373831775701,11.72039281542056,3.3758396612149535,1.3248758761682242,6.640405957943925
2406,00:01:40.292,1.0729276329019939,5.112782320872274,14.606271904205608,3.4809433411214954,3.0185090537383177,8.83889456775701
2407,00:01:40.334,1.0534110938923258,5.147220599688473,16.533294392523363,5.948379088785047,0.9926255841121495,8.500657126168225
2408,00:01:40.375,1.3299729268313938,6.036324474299065,21.92337178738318,6.054504964953271,1.4634564836448598,10.591011974299066
2409,00:01:40.417,0.9251011763098956,4.615483839563863,6.814398364485982,4.739997079439252,1.3031176985981308,7.803336740654205
2410,00:01:40.459,0.642180135728248,3.279242114485981,17.836594626168225,3.668917932242991,0.8080826518691588,5.360725759345795
2411,00:01:40.500,1.1847189584161584,5.4938789914330215,21.96060893691589,5.465829439252336,1.8394056658878504,9.176401869158878
2412,00:01:40.542,0.8983838245802471,4.279996592679128,5.566953855140187,4.137266355140187,1.5363609813084111,7.166362441588785
2413,00:01:40.584,1.4768647805879276,6.374415887850467,9.38376168224299,7.935857184579439,0.8018399532710281,10.385550525700934
2414,00:01:40.626,0.8936614462666502,3.9088906736760123,21.411360981308412,4.250803154205608,0.8897853387850467,6.586083528037383
2415,00:01:40.667,0.7335516826960518,3.581958235981308,20.936587324766354,3.9672167056074765,0.9571772780373832,5.821480724299065
2416,00:01:40.709,0.7647140269465138,3.259698695482866,4.608097254672897,2.8436769859813085,1.0716997663551402,5.863719334112149
2417,00:01:40.751,1.6065802273276273,5.9891330802180685,6.739924065420561,6.25668078271028,1.459696261682243,10.251022196261681
2418,00:01:40.792,0.7357682573853601,3.5705680490654204,5.539025992990654,3.432535046728972,1.391501168224299,5.887667932242991
2419,00:01:40.834,0.8521672491133653,4.499282028816199,8.527307242990654,5.25390625,0.8900408878504673,7.353898948598131
2420,00:01:40.876,1.2406460165136355,5.663259345794393,9.123101635514018,5.773620035046729,1.494816004672897,9.72134199766355
2421,00:01:40.917,1.2287289987555052,5.896283586448598,8.15493574766355,6.193450642523365,1.3491895443925233,10.146210572429906
2422,00:01:40.959,0.8126971840476593,4.292932242990655,5.455242406542056,4.269567757009346,1.177205023364486,7.432023948598131
2423,00:01:41.001,0.8656990956877203,4.739266939252337,7.168151285046729,4.64245035046729,1.6133177570093458,7.962032710280374
2424,00:01:41.043,0.9825659647383596,4.830497955607477,7.270553446261682,5.266282126168225,0.6528183411214953,8.57239339953271
2425,00:01:41.084,1.4049964050392836,6.878273461838006,10.03541179906542,6.461083528037383,1.9255622079439252,12.24817464953271
2426,00:01:41.126,0.6394861194525614,3.754356503115265,5.911397488317757,4.345684871495327,0.8636098130841121,6.053774824766355
2427,00:01:41.168,1.1028243208323818,6.2582019080996885,8.862441588785046,4.914610105140187,3.092654789719626,10.767340829439252
2428,00:01:41.209,0.9700147535073012,5.516610689252336,6.572356892523365,4.9109228971962615,1.652526285046729,9.986382885514018
2429,00:01:41.251,1.167553003983908,6.549576518691588,9.393070969626168,6.486054322429907,1.8285265771028036,11.334148656542055
2430,00:01:41.293,1.0680207332695029,6.186429127725858,8.69487441588785,5.293844918224299,2.775591413551402,10.48985105140187
2431,00:01:41.334,0.6836583297023051,4.477402161214953,9.700277453271028,4.776905665887851,1.1137558411214954,7.541544976635514
2432,00:01:41.376,1.2291548624921835,6.626107379283488,10.593969042056075,6.18176839953271,1.2597473714953271,12.43680636682243
2433,00:01:41.418,1.4032509021087831,6.834611078660437,13.60086886682243,6.691552278037383,1.7899021612149533,12.022378796728972
2434,00:01:41.460,0.6747371031169875,4.064690420560748,7.372955607476635,4.53723714953271,0.952248831775701,6.7045852803738315
2435,00:01:41.501,0.6353600715456422,4.3140211253894085,10.668443341121495,4.698233060747664,0.8817537967289719,7.362076518691588
2436,00:01:41.543,0.9724736122381933,6.321699766355141,12.548919392523365,5.9741165303738315,2.4257447429906542,10.565238025700934
2437,00:01:41.585,1.7520097907243395,9.938534365264797,13.777745327102803,10.797167056074766,1.345502336448598,17.672933703271028
2438,00:01:41.626,1.2247336673379727,7.685309579439252,12.33480578271028,7.14245035046729,2.7139675817757007,13.199510806074766
2439,00:01:41.668,0.648461075865357,4.369560455607476,8.89036945093458,4.322539427570093,1.3539719626168225,7.432169976635514
2440,00:01:41.710,0.7730420492015428,4.470551012461059,6.693377628504673,3.5736346378504673,2.4744816004672896,7.363536799065421
2441,00:01:41.751,0.9628996834304064,4.859022098909658,8.983462324766355,4.32352511682243,2.066004672897196,8.187536507009346
2442,00:01:41.793,1.4181749808678206,6.2183605919003115,9.867844626168225,6.159608644859813,1.9037310163551402,10.591742114485982
2443,00:01:41.835,1.0425606553218607,5.126484618380062,7.242625584112149,4.1648291471962615,2.430782710280374,8.78384199766355
2444,00:01:41.877,0.5446563703907539,3.0829926012461057,6.069655373831775,2.6192318925233646,1.277672313084112,5.352073598130841
2445,00:01:41.918,1.1985521905135117,5.508445288161994,8.490070093457945,4.5156980140186915,2.7135660046728973,9.296071845794392
2446,00:01:41.960,1.3897799726381004,5.788454049844236,8.527307242990654,6.028256425233645,1.6881206191588785,9.648985105140186
2447,00:01:42.002,0.8808581231153707,4.385733060747664,8.15493574766355,3.8407199182242993,1.576701226635514,7.739778037383178
2448,00:01:42.043,0.670739781798195,3.682887947819314,6.739924065420561,3.2265259929906542,1.373393691588785,6.448744158878505
2449,00:01:42.085,1.0260369368845221,4.935942367601246,9.225503796728972,4.204402745327103,2.0231089369158877,8.580315420560748
2450,00:01:42.127,1.6253808000300167,6.853010611370717,10.826701226635514,5.76033148364486,3.032710280373832,11.765990070093459
2451,00:01:42.168,0.7729994840748939,4.321115654205608,6.209294684579439,3.9617041471962615,1.5294246495327102,7.472218165887851
2452,00:01:42.210,0.6254869269654397,3.9250511098130847,8.713492990654206,3.4601708528037385,1.5825423481308412,6.732440128504673
2453,00:01:42.252,1.294658392160395,6.646247079439252,5.846232476635514,5.925817757009346,2.4515917056074765,11.561331775700934
2454,00:01:42.294,1.4977959561757355,7.280398169781932,9.802679614485982,6.962799357476635,2.58455023364486,12.293844918224298
2455,00:01:42.335,0.898810365604949,5.0078003309968855,8.434214369158878,4.0435893691588785,1.97334988317757,9.006461740654206
2456,00:01:42.377,0.687435488716107,3.8638653621495327,6.488573306074766,2.5301182827102804,1.8665303738317758,7.194947429906542
2457,00:01:42.419,0.9431156640930631,4.495838200934579,10.491566880841122,4.038733936915888,1.5018618574766356,7.946918808411215
2458,00:01:42.460,1.3919499932379111,5.698744158878505,5.278365946261682,5.765807535046729,1.2529205607476634,10.077504380841122
2459,00:01:42.502,0.9780259327864516,4.4976148753894085,6.088273948598131,3.69600613317757,1.5620254088785046,8.23481308411215
2460,00:01:42.544,0.6175241908575242,3.518971475856698,4.542932242990654,2.4969334112149535,1.729738609813084,6.330242406542056
2461,00:01:42.585,0.5966085554605173,4.681111273364486,5.734521028037383,4.705096378504673,0.9529424649532711,8.385294976635514
2462,00:01:42.627,1.0261087916265117,7.916593652647975,6.330315420560748,8.213164427570094,0.9774751752336449,14.559141355140186
2463,00:01:42.669,2.5961102907237965,15.451628212616823,9.560638142523365,15.08706921728972,2.730614778037383,28.537200642523363
2464,00:01:42.711,0.9006767607467364,7.208929614485982,8.071152161214954,5.3419976635514015,2.123795268691589,14.160995911214954
2465,00:01:42.752,0.5023865281688258,4.000717971183801,4.496385806074766,3.189507885514019,1.514383761682243,7.29826226635514
2466,00:01:42.794,0.8197762197376833,4.646672994548287,6.842326226635514,2.6023656542056073,2.8904059579439254,8.447247371495328
2467,00:01:42.836,0.934029251304846,4.546473422897196,7.214697721962617,3.894896320093458,1.1670195677570094,8.577504380841122
2468,00:01:42.877,1.57434588871539,6.916764018691588,7.1960791471962615,5.502117406542056,1.795268691588785,13.452905957943925
2469,00:01:42.919,0.7054127197430604,3.9062134929906542,5.650737441588785,3.1422678154205608,1.743793808411215,6.832578855140187
2470,00:01:42.961,0.8242470979286891,4.474323403426792,4.989778037383178,3.403694509345794,2.177679614485981,7.8415960864485985
2471,00:01:43.003,1.1924778283037387,6.212385611370716,6.01379964953271,4.747736565420561,2.797970210280374,11.091450058411215
2472,00:01:43.044,0.28623990651044623,4.6781420366043625,7.0564398364485985,4.390113901869159,0.9959842289719626,8.648327978971963
2473,00:01:43.086,0.4996909763330663,7.779899240654205,7.642924941588785,6.9343603971962615,1.8207140771028036,14.58462324766355
2474,00:01:43.128,8.75230805560223,46.90711399922119,100.76372663551402,22.00704585280374,38.941187207943926,79.77310893691589
2475,00:01:43.169,0.2934834317086737,4.480042834890965,10.696371203271028,3.485981308411215,1.8597765771028036,8.094370619158878
2476,00:01:43.211,0.325044130161119,4.499513239875389,8.750730140186915,4.602840245327103,1.4288843457943925,7.466815128504673
2477,00:01:43.253,0.5006295463283509,1.873722254672897,6.805089077102804,1.9567757009345794,0.5999926985981309,3.064398364485981
2478,00:01:43.294,0.6921732848094888,2.110226830218069,5.957943925233645,2.150591413551402,0.626606308411215,3.553482768691589
2479,00:01:43.336,1.5854300520710352,3.881145346573209,7.58706921728972,3.8042129088785046,1.0090172313084111,6.83020589953271
2480,00:01:43.378,0.5920146430388018,1.9404083917445483,4.63602511682243,1.9239558995327102,0.5601270443925234,3.337142231308411
2481,00:01:43.420,1.138610403079475,3.867674260124611,7.726708528037383,4.042676693925234,1.053628796728972,6.506717289719626
2482,00:01:43.461,0.9877590628682331,3.2514967873831773,4.67326226635514,3.5302643107476634,0.6958235981308412,5.528402453271028
2483,00:01:43.503,1.2145540086712465,4.514298578660436,8.741420852803738,4.1860397196261685,2.108279789719626,7.248576226635514
2484,00:01:43.545,0.6855518222520691,2.8447843652647973,5.520407418224299,3.106892523364486,0.6632593457943925,4.764201226635514
2485,00:01:43.586,1.4137573823063234,4.903390284267913,7.605687792056075,4.613609813084112,1.1807096962616823,8.915851343457945
2486,00:01:43.628,1.216060558984281,3.929322429906542,8.908988025700934,3.962543808411215,1.1838858060747663,6.641537675233645
2487,00:01:43.670,0.6841845472999686,2.5849518107476634,6.162748247663552,2.30790011682243,0.9416252920560748,4.505330023364486
2488,00:01:43.711,0.6618821077854362,2.5916325934579443,5.28767523364486,2.3273583528037385,1.0194947429906542,4.428044684579439
2489,00:01:43.753,1.1227153853562406,3.688254478193146,8.797276577102803,3.462689836448598,1.1776431074766356,6.424430490654205
2490,00:01:43.795,1.909511294595831,5.459671923676012,11.022196261682243,5.591048481308412,1.086266063084112,9.701701226635514
2491,00:01:43.837,0.6857155233742801,2.504222644080997,7.559141355140187,2.469151577102804,0.6791033878504673,4.36441296728972
2492,00:01:43.878,0.730054589905891,2.6526844820872273,5.464551693925234,2.3299503504672896,0.9713419976635514,4.656761098130841
2493,00:01:43.920,0.811903245219803,2.8073281736760127,6.004490362149533,2.9221670560747666,0.842873831775701,4.65694363317757
2494,00:01:43.962,1.0658559620568182,3.762947819314642,7.345027745327103,3.640113901869159,1.0161360981308412,6.632593457943925
2495,00:01:44.003,1.3470025333524696,4.910995911214953,8.648327978971963,4.505074474299065,1.2441588785046729,8.983754380841122
2496,00:01:44.045,0.8936263051270064,3.7507788161993765,10.044721086448599,3.653438960280374,1.0831994742990654,6.5156980140186915
2497,00:01:44.087,1.024902087292635,4.262424552180685,7.559141355140187,4.338419976635514,1.332578855140187,7.116274824766355
2498,00:01:44.128,0.9054466910095529,3.852657710280374,7.186769859813084,3.813412675233645,0.981344918224299,6.763215537383178
2499,00:01:44.170,0.9656798794354454,4.121008566978193,6.879563376168225,4.034754672897196,1.2447429906542056,7.083528037383178
2500,00:01:44.212,1.1690635855654916,4.885708722741433,7.456739193925234,4.884783878504673,1.4417713200934579,8.330570969626168
2501,00:01:44.254,0.9187035762513718,4.069083430685358,7.177460572429907,4.158659462616822,1.3071334696261683,6.741457359813084
2502,00:01:44.295,1.028021586464631,4.673907223520249,8.192172897196262,4.5678665303738315,1.594808703271028,7.859046436915888
2503,00:01:44.337,0.8512604783195676,4.0360080802180685,6.8516355140186915,3.933228679906542,1.4503139602803738,6.72448160046729
2504,00:01:44.379,1.1172324275663363,5.195227316978194,6.870254088785047,5.071517231308412,1.6556658878504673,8.858498831775702
2505,00:01:44.420,1.0727908550117324,5.026637947819315,5.613500292056075,4.909134053738318,1.758871203271028,8.411908586448599
2506,00:01:44.462,1.0251269427742808,4.863792348130842,6.656140478971962,4.654534170560748,1.7369304906542056,8.19991238317757
2507,00:01:44.504,0.967596698101256,4.647257106697819,6.088273948598131,4.556001752336448,1.3246203271028036,8.061149240654206
2508,00:01:44.545,0.8708196653669206,4.109180295950156,7.261244158878505,3.791508469626168,1.1493866822429906,7.3866457359813085
2509,00:01:44.587,1.279073969272671,5.2119353582554515,6.944728387850467,5.886280665887851,1.2023218457943925,8.547203563084112
2510,00:01:44.629,1.0163263482418121,4.152015186915888,6.563047605140187,4.233462324766355,1.0580826518691588,7.164500584112149
2511,00:01:44.671,0.8004452839403321,3.3906371690031154,4.94323160046729,3.3433119158878504,1.0248247663551402,5.803774824766355
2512,00:01:44.712,0.8228878699090092,3.6295147001557635,4.915303738317757,3.6018180490654204,1.0042713200934579,6.282454731308412
2513,00:01:44.754,0.9736425552272111,3.950289622274143,6.423408294392523,4.09652453271028,1.0899897780373833,6.664354556074766
2514,00:01:44.796,1.7876286344169414,6.149873442367601,8.722802278037383,6.664573598130841,1.3647415303738317,10.42030519859813
2515,00:01:44.837,0.7179570668717427,3.058885806074766,5.129417348130841,3.0900992990654204,0.9017961448598131,5.184761974299065
2516,00:01:44.879,0.7418777247436906,3.1222741433021803,4.94323160046729,2.9984667056074765,1.0597984813084111,5.308557242990654
2517,00:01:44.921,1.0769389120477588,3.8197283878504673,7.0564398364485985,3.6207651869158877,1.387996495327103,6.450423481308412
2518,00:01:44.962,1.0846903899409897,3.8059530763239877,8.517997955607477,3.5852073598130842,1.110616238317757,6.7220356308411215
2519,00:01:45.004,1.2305024019393767,4.200240946261682,5.930016063084112,4.330497955607477,1.0641793224299065,7.206045560747664
2520,00:01:45.046,0.7868408074643117,2.892924941588785,7.475357768691588,2.86857476635514,0.912638726635514,4.897561331775701
2521,00:01:45.088,0.8729053674601488,3.135136779595016,5.045633761682243,3.3312646028037385,0.8251314252336449,5.249014310747664
2522,00:01:45.129,0.9657340023749935,3.565201518691589,6.916800525700935,3.8680636682242993,0.889748831775701,5.937792056074766
2523,00:01:45.171,0.9015656794658331,3.7080777842679127,6.916800525700935,3.444655373831776,1.1401504088785046,6.539427570093458
2524,00:01:45.213,1.1938272719068674,5.030665887850467,7.214697721962617,5.110178154205608,1.2188960280373833,8.76292348130841
2525,00:01:45.254,1.0273474689720832,4.720721378504673,8.15493574766355,4.529242114485982,1.5985689252336448,8.034353095794392
2526,00:01:45.296,0.9565197092175868,4.861589758566978,6.618903329439252,4.678044684579439,1.300233644859813,8.606490946261681
2527,00:01:45.338,0.8707834530460229,4.779899240654206,9.700277453271028,4.699802862149533,1.4581629672897196,8.181731892523365
2528,00:01:45.379,1.0268337683255628,5.799041082554518,10.137813960280374,5.563011098130841,1.854191004672897,9.979921144859814
2529,00:01:45.421,1.1891119874650096,6.5754234813084125,9.169648072429906,6.570166471962617,2.22517523364486,10.930928738317757
2530,00:01:45.463,1.1498610740605344,6.373077297507788,9.970246787383177,6.079402745327103,2.1125511098130842,10.927278037383177
2531,00:01:45.505,0.8559632038013867,5.166751849688473,7.410192757009346,4.859667056074766,1.758141063084112,8.882447429906541
2532,00:01:45.546,0.7829042835001576,4.628687207943925,6.8516355140186915,4.0703855140186915,1.7492333528037383,8.066442757009346
2533,00:01:45.588,1.2313924709133024,6.567550136292834,10.277453271028037,6.2884418808411215,1.8730286214953271,11.541179906542055
2534,00:01:45.630,1.0325257679655848,5.541423286604361,9.420998831775702,4.985032126168225,1.832213785046729,9.80702394859813
2535,00:01:45.671,1.1558683953908246,5.996872566199376,14.55972546728972,4.830790011682243,2.9758323598130842,10.183995327102803
2536,00:01:45.713,0.7968782612641228,4.274338006230529,5.380768107476635,4.291691004672897,1.174357476635514,7.356965537383178
2537,00:01:45.755,0.8826847366629097,4.36947527258567,7.047130549065421,4.674101927570093,1.1406615070093458,7.29366238317757
2538,00:01:45.796,1.3453660386434578,5.5476416471962615,8.117698598130842,5.721597546728972,1.1828271028037383,9.738500292056075
2539,00:01:45.838,0.9203357629127952,3.9819898753894076,8.46214223130841,4.1896539135514015,1.0684506425233644,6.687865070093458
2540,00:01:45.880,0.883114970885007,3.8682705412772584,8.611090829439252,3.5541033878504673,1.1451518691588785,6.90555636682243
2541,00:01:45.922,0.8473276686893356,3.5212957554517135,6.479264018691588,3.40625,0.983133761682243,6.174503504672897
2542,00:01:45.963,1.2116099634127333,4.470100759345794,8.47145151869159,4.405410338785047,0.9921144859813084,8.012777453271028
2543,00:01:46.005,1.169227258898692,4.302703952492212,7.857038551401869,4.585024824766355,1.0457067757009346,7.277380257009346
2544,00:01:46.047,0.7690185886941356,3.0652867017133953,6.237222546728972,2.806439836448598,0.8894932827102804,5.4999269859813085
2545,00:01:46.088,0.9882688584277004,3.66313765576324,6.451336156542056,4.0006206191588785,0.8750730140186916,6.113719334112149
2546,00:01:46.130,0.8468020824230014,3.5079463590342677,6.01379964953271,3.418881425233645,0.9210353387850467,6.183922313084112
2547,00:01:46.172,0.8492626765482223,3.9505451713395643,8.741420852803738,3.7405446845794392,1.1067830023364487,7.004307827102804
2548,00:01:46.214,1.2947991719755445,5.891355140186916,11.487660630841122,5.614193925233645,1.6282491238317758,10.431622371495328
2549,00:01:46.255,1.126796614602171,5.544502044392523,10.34261828271028,5.620728679906542,1.7173627336448598,9.295414719626168
2550,00:01:46.297,1.0079138206000058,5.197064836448598,9.225503796728972,5.2599664135514015,1.387996495327103,8.94323160046729
2551,00:01:46.339,0.9045641284584186,4.643387363707165,8.248028621495328,4.355797313084112,1.3203855140186915,8.253979264018692
2552,00:01:46.380,0.9324398870753156,4.5457919587227416,7.698780665887851,4.423152745327103,1.3335645443925233,7.8806585864485985
2553,00:01:46.422,1.1759692830204118,5.245789524922118,8.89036945093458,5.5501606308411215,1.20772488317757,8.979483060747663
2554,00:01:46.464,0.9726822989985121,4.414391063084112,7.35433703271028,4.369523948598131,1.353168808411215,7.520480432242991
2555,00:01:46.505,0.9295927596980716,4.239717192367601,7.261244158878505,4.052278037383178,1.380330023364486,7.28654351635514
2556,00:01:46.547,0.8496985241321791,4.1221767912772584,7.596378504672897,4.016574182242991,1.2566807827102804,7.093275408878505
2557,00:01:46.589,0.9044647747627718,4.460974007009345,9.216194509345794,4.450496495327103,1.359375,7.573050525700935
2558,00:01:46.631,1.3384975015326133,6.290279400311526,8.071152161214954,6.588931074766355,1.5269786799065421,10.754928446261681
2559,00:01:46.672,1.0016026429803637,5.07650652258567,8.089770735981308,5.179504964953271,1.4908367406542056,8.559177862149532
2560,00:01:46.714,0.9792173352944689,5.138373734423676,7.568450642523365,5.182425525700935,1.5604921144859814,8.672203563084112
2561,00:01:46.756,0.7883726350319996,4.383907710280374,6.348933995327103,4.1484375,1.5123758761682242,7.490909754672897
2562,00:01:46.797,1.0013990958793544,5.239023559190032,9.281359521028037,5.089296144859813,1.5466194509345794,9.081155081775702
2563,00:01:46.839,1.455031512563948,6.788916471962618,8.052533586448599,7.26285046728972,1.6746860397196262,11.429212908878505
2564,00:01:46.881,0.9002347940167577,4.615617698598131,7.177460572429907,4.232768691588785,1.5373831775700935,8.076701226635514
2565,00:01:46.922,0.8908562811386377,4.424734715732088,7.363646320093458,4.3256790303738315,1.4663040303738317,7.4822210864485985
2566,00:01:46.964,0.8569030169726404,4.055831386292835,7.857038551401869,3.9276431074766354,1.2622298481308412,6.977621203271028
2567,00:01:47.006,0.9826258427446461,4.406967971183801,6.311696845794392,4.486382885514018,1.244669976635514,7.489851051401869
2568,00:01:47.048,1.2486843134987113,5.485190323208722,6.4420268691588785,5.830826518691588,1.2965099299065421,9.328234521028037
2569,00:01:47.089,0.7705754579960381,3.973800136292835,6.66544976635514,4.06709988317757,1.137266355140187,6.717034170560748
2570,00:01:47.131,0.9618772807605964,5.1345039914330215,7.912894275700935,5.045013142523365,1.7685455607476634,8.589953271028037
2571,00:01:47.173,0.984585864430691,5.601039232866044,10.165741822429906,5.678738317757009,1.6737368574766356,9.450642523364486
2572,00:01:47.214,1.0225730453463335,6.291983060747664,12.623393691588785,6.183009637850467,1.8207505841121496,10.872188960280374
2573,00:01:47.256,1.2464595019198377,7.3546169197819315,10.314690420560748,7.868027161214953,1.7058630257009346,12.489960572429906
2574,00:01:47.298,1.0956586533326316,6.522196261682243,11.711083528037383,6.695677570093458,1.8477292640186915,11.02318195093458
2575,00:01:47.339,0.8286546305086129,5.186404789719626,7.419502044392523,5.256279205607477,1.3004891939252337,9.002445969626168
2576,00:01:47.381,0.8124982310591747,4.978047118380062,9.448926693925234,4.840573890186916,1.4284827686915889,8.665084696261681
2577,00:01:47.423,0.37916257228737454,6.180441978193147,8.052533586448599,6.338967581775701,1.3551036799065421,10.847254672897197
2578,00:01:47.465,0.39609820685315505,6.61831921728972,8.629709404205608,6.9095356308411215,1.497700058411215,11.447721962616823
2579,00:01:47.506,6.744809991396957,48.418199961059194,160.8737952686916,17.130476051401867,62.42943195093458,65.69469188084112
2580,00:01:47.548,0.3961866528199165,7.258445288161994,26.689726927570092,4.085974007009346,5.958966121495327,11.730395735981308
2581,00:01:47.590,0.46417560936143054,8.657138337227414,37.8515625,4.403767523364486,7.740617698598131,13.827029789719626
2582,00:01:47.631,1.1057534481083244,9.58943000389408,45.922714661214954,5.015807535046729,8.69575058411215,15.056731892523365
2583,00:01:47.673,0.9837920909866406,9.33619304906542,44.52632155373832,4.727511682242991,7.907418224299065,15.373649240654206
2584,00:01:47.715,0.9652820412129706,9.437439154984423,41.51011244158879,4.456994742990654,8.502738025700934,15.352584696261681
2585,00:01:47.756,1.060024478267692,10.276017328660437,46.60229264018692,5.056111273364486,9.377044392523365,16.39489632009346
2586,00:01:47.798,1.0028544817951326,9.905848422897195,46.42541617990654,5.209148656542056,8.696845794392523,15.81155081775701
2587,00:01:47.840,1.0287391967258286,10.097047799844235,48.473459404205606,5.574364778037383,8.469297605140186,16.24748101635514
2588,00:01:47.882,1.0247119541864864,9.700107087227414,44.96385806074766,5.885988609813084,7.81458089953271,15.39975175233645
2589,00:01:47.923,1.0450036070144229,9.377920560747665,38.70801693925234,5.9054833528037385,6.650408878504673,15.57786945093458
2590,00:01:47.965,1.01088314690889,8.483900408878505,31.940165011682243,5.583564544392523,5.740836740654205,14.127299941588785
2591,00:01:48.007,0.976982634228286,7.615167445482865,27.81615070093458,5.238682827102804,4.334623247663552,13.272196261682243
2592,00:01:48.048,0.9697290526279666,6.87705656152648,32.7873101635514,4.987441588785047,3.6749050817757007,11.968823014018692
2593,00:01:48.090,0.9539335990524968,6.439434871495327,31.763288551401867,5.185090537383178,3.370035046728972,10.763179030373832
2594,00:01:48.132,0.8823387994852859,5.828417056074767,26.689726927570092,5.140223422897196,3.036360981308411,9.308666764018692
2595,00:01:48.173,1.035587198681124,6.680965245327102,29.68731746495327,5.577650408878505,3.1818779205607477,11.283367406542055
2596,00:01:48.215,0.9640924229808492,6.425124123831775,28.532965829439252,5.361857476635514,3.1672386098130842,10.74627628504673
2597,00:01:48.257,1.048690885765934,7.112538940809969,34.01613609813084,6.741749415887851,3.549576518691589,11.046290887850468
2598,00:01:48.299,1.0067968929235782,7.035789038161994,33.40172313084112,6.387631425233645,3.653402453271028,11.066333235981308
2599,00:01:48.340,0.9762297423202737,6.987332067757009,32.768691588785046,6.183885806074766,3.6350759345794392,11.143034462616823
2600,00:01:48.382,1.0673543193292152,7.4281663746105915,33.271393107476634,5.8820458528037385,3.862624123831776,12.539829147196262
2601,00:01:48.424,0.9990420973027477,7.053373247663552,32.45217581775701,5.59488171728972,3.7667567172897196,11.798481308411215
2602,00:01:48.465,0.9741791425543127,6.761183313862929,32.80592873831776,5.832615362149533,3.500547605140187,10.950386974299066
2603,00:01:48.507,1.0607314822428708,7.063862928348908,31.83776285046729,5.9258542640186915,3.7518618574766354,11.513872663551401
2604,00:01:48.549,0.9327178135994074,6.216158002336449,27.788222838785046,5.070275992990654,3.465938960280374,10.112259053738319
2605,00:01:48.590,1.0242200955674152,6.6069898753894085,28.23506863317757,5.8774459696261685,3.056622371495327,10.88690128504673
2606,00:01:48.632,0.9142935769324241,6.226221767912772,30.785813376168225,5.987624123831775,3.045086156542056,9.645955023364486
2607,00:01:48.674,0.7980243829088302,6.296765478971963,31.29782418224299,5.0826518691588785,3.3368136682242993,10.47083089953271
2608,00:01:48.716,0.9614021462583846,8.119572624610592,35.58009637850467,5.389456775700935,4.722911799065421,14.24634929906542
2609,00:01:48.757,1.172550632253804,10.60898559190031,40.12302862149533,4.884929906542056,6.532308703271028,20.40971816588785
2610,00:01:48.799,1.1105448235497515,10.650238512461058,52.662638726635514,5.45980578271028,8.807133469626168,17.68377628504673
2611,00:01:48.841,1.2263073931148551,11.12456191588785,63.68483498831776,4.966961156542056,11.19304906542056,17.213675525700936
2612,00:01:48.882,1.0059058361229396,8.507289232866043,55.54851781542056,3.771685163551402,8.733535338785046,13.016647196261681
2613,00:01:48.924,0.8889792251115526,6.519859813084113,48.51069655373832,3.170633761682243,6.00894421728972,10.380001460280374
2614,00:01:48.966,0.9902821407051094,5.534705996884735,41.94764894859813,2.9494377920560746,4.670633761682243,8.984046436915888
2615,00:01:49.008,0.9172688591425063,4.169830607476635,30.84166910046729,2.6002847546728973,2.984009929906542,6.925197137850467
2616,00:01:49.049,0.821229699752067,3.159097546728972,20.2942464953271,2.07673773364486,1.9839369158878504,5.416617990654205
2617,00:01:49.091,0.9489333617161081,2.9700155763239877,19.018874123831775,1.8562719042056075,1.9045341705607477,5.149240654205608
2618,00:01:49.133,0.9452270298692266,2.712604653426791,25.3584988317757,1.765442464953271,1.6262047313084111,4.7461667640186915
2619,00:01:49.174,0.8734398073130532,2.477852414330218,27.04347984813084,1.684871495327103,1.3207505841121496,4.4279351635514015
2620,00:01:49.216,1.1136388032060773,2.8722011292834893,20.75971086448598,2.0574255257009346,1.4602803738317758,5.098897488317757
2621,00:01:49.258,1.0644033208107229,2.7927375389408096,22.388836156542055,2.368282710280374,1.509564836448598,4.500365070093458
2622,00:01:49.299,0.8635893786496537,2.333260319314642,17.92037821261682,1.7732184579439252,1.1869158878504673,4.039646612149533
2623,00:01:49.341,1.1802481496048915,2.811721183800623,18.96301839953271,2.0273802570093458,1.4627628504672898,4.945020443925234
2624,00:01:49.383,0.9280295000187768,2.3306074766355143,17.287346670560748,1.638872663551402,1.2563522196261683,4.096597546728972
2625,00:01:49.425,0.9061765539146639,2.0726489485981308,21.029680198598133,1.5621349299065421,1.0540668808411215,3.601745035046729
2626,00:01:49.466,1.5788678014584356,2.8277720989096573,21.048298773364486,2.0059871495327104,1.4048627336448598,5.0724664135514015
2627,00:01:49.508,0.5523210070810385,1.1788843457943925,15.378942757009346,0.8436769859813084,0.6414281542056075,2.0515478971962615
2628,00:01:49.550,0.8741142948400058,1.5819095599688475,16.51467581775701,1.0126679322429906,0.8589369158878505,2.8741238317757007
2629,00:01:49.591,1.5207037193765922,2.055344626168224,20.443195093457945,1.4410046728971964,0.9115435163551402,3.8134856892523366
2630,00:01:49.633,0.7211999865773315,1.1769129672897198,12.390661507009346,0.903950058411215,0.5242771612149533,2.102511682242991
2631,00:01:49.675,0.9771012761995366,1.4685918029595015,14.643509053738319,0.9326810747663551,0.82421875,2.6488755841121496
2632,00:01:49.716,1.148872668448238,1.4216802959501555,14.643509053738319,0.8809506425233645,0.6131717289719626,2.77091851635514
2633,00:01:49.758,0.9109091910796964,1.358097254672897,19.73568925233645,0.94921875,0.6332140771028038,2.4918589369158877
2634,00:01:49.800,0.5832631667776206,0.9462251752336449,14.922787675233645,0.47842435747663553,0.5049649532710281,1.855286214953271
2635,00:01:49.842,1.551584492587357,2.1272025895638627,18.599956191588785,1.5486638434579438,1.0601270443925233,3.7728168808411215
2636,00:01:49.883,0.9218574130434398,1.5822016160436139,17.641099591121495,1.211667640186916,0.7610251168224299,2.7739120911214954
2637,00:01:49.925,0.9217832471670455,1.59742503894081,16.654315128504674,1.148620035046729,0.7252117406542056,2.9184433411214954
2638,00:01:49.967,1.480099231957779,2.194424162772586,16.70086156542056,1.517048773364486,0.9860178154205608,4.08020589953271
2639,00:01:50.008,0.565416573247086,1.0280617211838006,13.777745327102803,0.5991530373831776,0.5879818925233645,1.8970502336448598
2640,00:01:50.050,1.1452979698490837,1.7227901090342683,15.472035630841122,1.2091486565420562,0.8666033878504673,3.0926182827102804
2641,00:01:50.092,1.4450906363295413,1.7583114291277262,18.16241968457944,1.0302643107476634,1.0105140186915889,3.2341559579439254
2642,00:01:50.133,0.6244506335705288,1.036117601246106,18.953709112149532,0.5911580023364486,0.5117552570093458,2.0054395443925235
2643,00:01:50.175,0.6948053218931158,1.0800233644859814,12.744414427570094,0.8319217289719626,0.4702102803738318,1.9379380841121496
2644,00:01:50.217,1.8156911581569115,2.0758615654205608,20.22908148364486,1.6730432242990654,0.8387485397196262,3.715792932242991
2645,00:01:50.259,0.9410289915118294,1.3474128699376948,15.565128504672897,1.1106892523364487,0.5791837032710281,2.3523656542056073
2646,00:01:50.300,0.7607966492006809,1.10960621105919,18.367224007009344,0.6443122079439252,0.6217143691588785,2.0627920560747666
2647,00:01:50.342,1.2238122524862793,1.461911020249221,17.15701664719626,0.9751752336448598,0.7235689252336449,2.686988901869159
2648,00:01:50.384,0.7854086440989582,0.9487319898753893,10.23090683411215,0.8501752336448598,0.3464515186915888,1.6495692172897196
2649,00:01:50.425,1.3701387644527325,1.3724688473520248,10.659134053738319,0.7205753504672897,0.6846889602803738,2.712142231308411
2650,00:01:50.467,0.06748222956084429,0.8878017912772586,8.024605724299066,0.5604921144859814,0.3120619158878505,1.7908513434579438
2651,00:01:50.509,0.05276102590782999,0.7083576713395638,11.413186331775702,0.5148583528037384,0.2813595210280374,1.328855140186916
2652,00:01:50.550,34.03787972113242,49.59477219626168,145.61587324766356,16.918625876168225,66.40252628504673,65.46316442757009
2653,00:01:50.592,0.13655368867420653,1.8480578271028039,8.46214223130841,1.5110616238317758,0.8882885514018691,3.1448233060747666
2654,00:01:50.634,0.17492837629267566,2.3839685552959504,11.413186331775702,2.2696042640186915,1.0812280957943925,3.8010733060747666
2655,00:01:50.676,0.6844334708864984,1.4471500194704048,8.434214369158878,1.0665522780373833,0.8027891355140186,2.472108644859813
2656,00:01:50.717,0.7948687386394113,1.6230407904984425,6.144129672897196,1.7474080023364487,0.7647123247663551,2.3570020443925235
2657,00:01:50.759,1.5578035682091755,2.602438668224299,12.995765186915888,2.4901431074766354,1.200825058411215,4.116347838785047
2658,00:01:50.801,0.7564877279646858,1.734034267912773,9.030008761682243,1.3399167640186915,0.9933192172897196,2.8688668224299065
2659,00:01:50.842,0.7452853764274254,1.8781030957943925,10.445020443925234,1.5340245327102804,0.9010294976635514,3.1992552570093458
2660,00:01:50.884,1.4738902363029427,3.0652867017133953,10.966340537383177,2.858170268691589,1.5694728387850467,4.768216997663552
2661,00:01:50.926,1.1104383627997094,2.6781542056074765,10.482257593457945,2.5681220794392523,1.3855140186915889,4.080826518691588
2662,00:01:50.967,0.6976203080438316,2.0286093263239873,6.97265625,1.6484009929906542,1.1632593457943925,3.2741676401869158
2663,00:01:51.009,0.9866468293372559,2.6751971378504673,11.785557827102803,2.27734375,1.504964953271028,4.243282710280374
2664,00:01:51.051,1.1192298480509875,3.2129575545171343,12.958528037383177,2.771283586448598,2.1559944509345796,4.711594626168225
2665,00:01:51.093,0.9105154732871835,2.9258907710280373,11.813485689252337,2.6285776869158877,1.7934433411214954,4.355651285046729
2666,00:01:51.134,1.1901842912197838,3.853047118380062,14.392158294392523,3.2907053154205608,2.485470210280374,5.782965829439252
2667,00:01:51.176,0.8770954031009481,3.112575447819315,12.707177278037383,2.493611273364486,1.965573890186916,4.878541179906542
2668,00:01:51.218,1.06898507696326,3.697989680685358,12.967837324766355,3.3165157710280373,2.390259929906542,5.387193341121495
2669,00:01:51.259,1.10196205727476,3.7179955218068534,13.358827394859814,3.425598714953271,2.2010806074766354,5.527307242990654
2670,00:01:51.301,0.8203689957472269,3.153767523364486,11.934506425233645,2.5872152453271027,2.0489193925233646,4.825167932242991
2671,00:01:51.343,0.9451472258521513,3.5315785630841123,14.010477511682243,2.667421144859813,2.3461229556074765,5.581191588785047
2672,00:01:51.384,1.3253114911069506,4.429748345015576,13.191260221962617,4.200131425233645,2.6298919392523366,6.459221670560748
2673,00:01:51.426,0.9572316852758294,3.6446407710280373,12.465135806074766,3.340902453271028,2.2034170560747666,5.389602803738318
2674,00:01:51.468,0.7345992296398247,3.039695288161994,12.008980724299066,2.2523364485981308,2.0251533294392523,4.8415960864485985
2675,00:01:51.510,1.1169836549286325,4.228898948598132,16.607768691588785,3.2002044392523366,2.91866238317757,6.567830023364486
2676,00:01:51.551,1.0711200019636238,4.248296339563863,12.102073598130842,3.5295341705607477,2.79826226635514,6.417092581775701
2677,00:01:51.593,1.0034002584805317,4.211363415109035,12.865435163551401,3.428738317757009,2.7531030957943927,6.452248831775701
2678,00:01:51.635,1.0834658217476443,4.384917737538941,17.3059652453271,3.6300744742990654,2.752482476635514,6.772196261682243
2679,00:01:51.676,0.9640840993385152,3.9262558411214954,15.425489193925234,2.623101635514019,2.87361273364486,6.282053154205608
2680,00:01:51.718,0.9863628579838556,3.8025700934579434,12.83750730140187,3.090391355140187,2.5118282710280373,5.805490654205608
2681,00:01:51.760,1.1222601943451271,3.8912456191588785,13.517085280373832,3.495911214953271,2.183228679906542,5.994596962616822
2682,00:01:51.802,0.86049547918963,3.218153718847352,10.91979410046729,2.391683703271028,2.1640625,5.098714953271028
2683,00:01:51.843,0.8045570549002495,2.92233742211838,9.72820531542056,2.233316296728972,1.7850102219626167,4.748685747663552
2684,00:01:51.885,1.402019821115026,4.343384929906542,10.929103387850468,4.054176401869159,2.3665668808411215,6.609411507009346
2685,00:01:51.927,0.9155592740285188,3.076141452492212,11.580753504672897,2.428263726635514,1.8571115654205608,4.943049065420561
2686,00:01:51.968,0.9131903582368756,3.175160630841121,12.688558703271028,2.1692464953271027,2.162091121495327,5.194144275700935
2687,00:01:52.010,0.866216870604096,2.998515381619938,10.863938376168225,2.202467873831776,1.8375073014018692,4.9555709696261685
2688,00:01:52.052,1.0135641380870255,3.489948403426792,11.552825642523365,2.5700934579439254,2.4011755257009346,5.498576226635514
2689,00:01:52.093,1.2443718191199076,4.10523753894081,15.881644275700934,3.0689982476635516,2.5000730140186915,6.746641355140187
2690,00:01:52.135,0.9861324692207101,3.4940615264797508,12.977146612149532,2.4627628504672896,2.4116895443925235,5.607732184579439
2691,00:01:52.177,0.8807728962681758,3.2136511876947043,11.171144859813085,2.40234375,2.069801401869159,5.168808411214953
2692,00:01:52.219,0.9349090112781542,3.3639505451713396,12.06483644859813,2.707213785046729,2.0629745911214954,5.321663259345795
2693,00:01:52.260,1.0613561573555812,3.631437402647975,16.16092289719626,2.597254672897196,2.4875511098130842,5.809506425233645
2694,00:01:52.302,1.282139959988337,4.053482768691588,15.257922021028037,3.0961229556074765,2.579366238317757,6.484959112149533
2695,00:01:52.344,0.9574183878653704,3.0549430490654204,15.36032418224299,2.237368574766355,1.9043516355140186,5.023108936915888
2696,00:01:52.385,0.8001417966156373,2.5956605334890965,11.57144421728972,2.223021320093458,1.5092727803738317,4.0546875
2697,00:01:52.427,0.7988308226626976,2.482671339563863,14.457323306074766,2.066004672897196,1.4687134929906542,3.9132958528037385
2698,00:01:52.469,1.1466933801644035,3.384905568535826,15.779242114485982,2.5518034462616823,2.2342654789719627,5.3686477803738315
2699,00:01:52.510,1.1333338748126822,3.3960158683800628,14.839004088785046,2.805782710280374,1.9895955023364487,5.392669392523365
2700,00:01:52.552,1.102547175887164,3.3331873052959495,10.95703125,2.9185528621495327,1.9805782710280373,5.10043078271028
2701,00:01:52.594,0.928247333621965,2.7851684190031154,11.124598422897197,2.2552205023364484,1.6112003504672898,4.489084404205608
2702,00:01:52.636,0.7491741493874001,2.5265892718068534,8.052533586448599,1.9648072429906542,1.5610397196261683,4.0539208528037385
2703,00:01:52.677,0.8246625103238583,2.746045073987539,10.100576810747663,2.0065347546728973,1.7339369158878504,4.497663551401869
2704,00:01:52.719,1.4330219008096996,4.6255962811526485,13.396064544392523,3.59123101635514,3.0681220794392523,7.217435747663552
2705,00:01:52.761,0.8455676832148243,3.382252725856698,11.543516355140186,1.903073890186916,2.5689982476635516,5.674686039719626
2706,00:01:52.802,1.0304324707289445,4.256559092679127,12.614084404205608,2.6992552570093458,3.2647488317757007,6.805673189252336
2707,00:01:52.844,1.033060079237218,4.371714369158879,11.934506425233645,2.8546655957943927,3.241639894859813,7.01883761682243
2708,00:01:52.886,0.9188151457997737,4.143825447819315,12.102073598130842,2.701007593457944,3.064398364485981,6.666070385514018
2709,00:01:52.927,1.2509455777733556,5.1446042640186915,15.28584988317757,3.5803519275700935,3.7637996495327104,8.08966121495327
2710,00:01:52.969,0.9650528737751719,4.26698792834891,12.977146612149532,2.507264894859813,3.27274386682243,7.020955023364486
2711,00:01:53.011,0.7826966499299498,3.6677618769470404,11.012886974299066,2.495035046728972,2.580826518691589,5.927424065420561
2712,00:01:53.053,1.054480120944851,4.729835961838006,12.33480578271028,3.0233279789719627,3.7081629672897196,7.458016939252336
2713,00:01:53.094,0.9825621456139747,4.602803738317757,13.228497371495328,2.8304979556074765,3.6028767523364484,7.375036507009346
2714,00:01:53.136,1.0979123583589103,5.404315128504673,14.494560455607477,3.729957651869159,4.104957651869159,8.378030081775702
2715,00:01:53.178,0.9789706839761958,4.936051888629284,13.172641647196262,2.93680636682243,3.9648802570093458,7.906469042056075
2716,00:01:53.219,1.069986248476223,5.420731113707165,14.652818341121495,3.0945531542056073,4.675598714953271,8.492041471962617
2717,00:01:53.261,0.8932819375683627,4.740483839563863,13.619487441588785,2.8807681074766354,3.891720210280374,7.448963200934579
2718,00:01:53.303,0.9707025063633237,5.18382496105919,14.652818341121495,3.2440128504672896,4.232586156542056,8.074875876168225
2719,00:01:53.344,1.1009343548569488,5.686660338785046,17.12908878504673,3.8000511098130842,4.587945385514018,8.671984521028037
2720,00:01:53.386,1.0352187138511633,5.513252044392524,15.984046436915888,3.3172459112149535,4.602146612149533,8.620363609813085
2721,00:01:53.428,0.9833796854167335,5.2236541082554515,14.736601927570094,3.0281834112149535,4.360981308411215,8.281797605140186
2722,00:01:53.470,0.9821907183375249,5.208613220404984,13.535703855140186,3.3244742990654204,4.212178738317757,8.089186623831775
2723,00:01:53.511,0.9084712927992268,4.839235299844236,14.52248831775701,2.993538259345794,3.7683995327102804,7.755768107476635
2724,00:01:53.553,1.112600233497807,5.636085961838006,15.639602803738319,3.5924357476635516,4.4865289135514015,8.829293224299066
2725,00:01:53.595,1.0483528472073405,5.238804517133956,15.164829147196262,2.8937280957943927,4.455753504672897,8.36693195093458
2726,00:01:53.636,0.9663178503636546,4.97610007788162,14.317683995327103,2.788003796728972,4.145955023364486,7.9943414135514015
2727,00:01:53.678,0.8748668421768899,4.537285825545172,12.828198014018692,2.6916617990654204,3.608133761682243,7.312061915887851
2728,00:01:53.720,1.0451207153100206,5.186015381619938,15.723386390186915,3.127153913551402,4.261353679906542,8.16953855140187
2729,00:01:53.761,1.0593045357621835,5.344115070093458,16.821882301401867,3.709039135514019,3.9791544976635516,8.344151577102803
2730,00:01:53.803,0.9383184625943719,4.990982768691588,15.146210572429906,2.957213785046729,4.171875,7.843859521028038
2731,00:01:53.845,1.065004401682421,5.465427862149533,16.01197429906542,3.3271028037383177,4.548663843457944,8.520516939252337
2732,00:01:53.887,1.0012147500418183,5.280726732866044,16.32849007009346,3.186441296728972,4.315347546728972,8.340391355140186
2733,00:01:53.928,0.9244513769116776,4.91151917834891,14.74591121495327,3.058995327102804,3.7614997079439254,7.9140625
2734,00:01:53.970,1.175513740314118,5.729349201713396,17.73419246495327,3.2805198598130842,4.775043808411215,9.132483936915888
2735,00:01:54.012,0.9849545612818831,4.776102511682243,16.78464515186916,2.7621568341121496,3.9025992990654204,7.663551401869159
2736,00:01:54.053,0.9470997797945598,4.527295073987539,15.686149240654206,2.4508980724299065,3.5898802570093458,7.541106892523365
2737,00:01:54.095,0.9315961392409732,4.228071456386293,14.094261098130842,2.215026285046729,3.4661214953271027,7.003066588785047
2738,00:01:54.137,1.0259410689601443,4.387144665109034,15.648912091121495,2.147926401869159,3.6261682242990654,7.3873393691588785
2739,00:01:54.178,1.0826749196215038,4.463553835669782,14.820385514018692,3.0176693925233646,3.0815931658878504,7.291398948598131
2740,00:01:54.220,0.9481971749852277,3.885939933800623,16.672933703271028,1.5858644859813085,3.2502555490654204,6.82169976635514
2741,00:01:54.262,1.0127928986862662,3.9896806853582554,18.34860543224299,2.0814106308411215,3.1571261682242993,6.730505257009346
2742,00:01:54.304,0.9055700700339738,3.552582262461059,13.275043808411215,2.2422240070093458,2.497006425233645,5.918516355140187
2743,00:01:54.345,1.028718112747108,3.8550671728971966,16.16092289719626,2.2966194509345796,2.8211156542056073,6.4474664135514015
2744,00:01:54.387,1.0698426470008284,3.9614485981308416,14.783148364485982,2.0657856308411215,3.069399824766355,6.749160338785047
2745,00:01:54.429,0.8797935584524869,3.486078660436137,11.14321699766355,1.818706191588785,2.663697429906542,5.975832359813084
2746,00:01:54.470,1.026846295845909,3.917603679906542,14.820385514018692,2.3557973130841123,2.905045268691589,6.491968457943925
2747,00:01:54.512,1.1383074060766298,4.115410825545172,15.034499123831775,2.55147488317757,2.9553884345794392,6.839369158878505
2748,00:01:54.554,0.9419972440902166,3.697782807632399,16.598459404205606,2.0060966705607477,2.8843092873831777,6.202942464953271
2749,00:01:54.595,0.853212079355846,3.3600442951713396,13.25642523364486,1.8534243574766356,2.3982184579439254,5.828490070093458
2750,00:01:54.637,1.276097631296795,4.30882496105919,16.40296436915888,2.7007885514018692,2.9603168808411215,7.265369450934579
2751,00:01:54.679,1.073024231110919,3.6304273753894076,13.898766063084112,2.333272488317757,2.5368355724299065,6.021174065420561
2752,00:01:54.721,0.7940078758921238,2.8180003894080996,12.399970794392523,1.811769859813084,1.82491238317757,4.817318925233645
2753,00:01:54.762,0.9601913057152007,3.0465707749221185,12.390661507009346,1.6580753504672898,2.0961229556074765,5.385514018691588
2754,00:01:54.804,1.0297546386420966,3.2105115848909658,12.921290887850468,1.8349518107476634,2.342143691588785,5.454439252336448
2755,00:01:54.846,0.9378189936523496,3.0325764213395634,14.243209696261681,1.9123831775700935,2.0941880841121496,5.091158002336448
2756,00:01:54.887,1.077590453397569,3.573829341900311,14.308374707943925,2.127701518691589,2.455132885514019,6.138653621495327
2757,00:01:54.929,0.8659550195567147,3.1036799065420566,15.146210572429906,1.8095794392523366,2.2124342873831777,5.289025992990654
2758,00:01:54.971,1.1536373657765149,3.9192343263239877,17.669027453271028,2.648620035046729,2.782199182242991,6.326883761682243
2759,00:01:55.013,1.1839158895994284,3.8108085085669785,17.603862441588785,2.350649824766355,2.5137996495327104,6.567976051401869
2760,00:01:55.054,0.8552895685505797,3.100820190809969,13.265734521028037,1.8771904205607477,2.259418808411215,5.165851343457944
2761,00:01:55.096,0.7820952723549677,2.751533294392523,12.902672313084112,1.770589953271028,1.7360178154205608,4.747992114485982
2762,00:01:55.138,1.3951686210584437,4.020273559190031,18.292749707943926,2.8062573014018692,2.628541179906542,6.626022196261682
2763,00:01:55.179,1.0296219981309847,3.140722352024922,15.034499123831775,1.9706848714953271,2.1009418808411215,5.350540303738318
2764,00:01:55.221,0.803214896872112,2.533197040498442,13.237806658878505,1.6373758761682242,1.7360543224299065,4.226160922897196
2765,00:01:55.263,1.066190353539313,2.896453952492212,15.714077102803738,1.8734301985981308,1.8478022780373833,4.9681293808411215
2766,00:01:55.304,0.8952211401885478,2.5578392718068534,11.543516355140186,1.6743939836448598,1.6727146612149533,4.326409170560748
2767,00:01:55.346,0.8801718741107507,2.634796047507788,13.470538843457945,1.7305417640186915,1.6996568341121496,4.474189544392523
2768,00:01:55.388,1.1544956488332863,3.3644129672897196,15.388252044392523,2.0273802570093458,2.2573379088785046,5.8085207359813085
2769,00:01:55.430,0.9630414415351318,3.155300817757009,16.049211448598133,1.664245035046729,2.365946261682243,5.435711156542056
2770,00:01:55.471,0.9592543397770709,3.3088006230529587,16.672933703271028,2.060893691588785,2.3264821845794392,5.539025992990654
2771,00:01:55.513,1.210727345030601,3.797556464174454,17.054614485981308,2.3507593457943927,2.5614778037383177,6.480432242990654
2772,00:01:55.555,1.0568313573469648,3.4801158489096573,16.4774386682243,1.919575058411215,2.7014091705607477,5.819363317757009
2773,00:01:55.596,0.7965869181961182,2.6021466121495327,12.632702978971963,1.4808703271028036,1.8388215537383177,4.486747955607477
2774,00:01:55.638,1.2775994649117688,3.463383469626168,14.885550525700934,2.4088785046728973,2.1231381425233646,5.858133761682243
2775,00:01:55.680,0.8100395494834829,2.325423481308411,12.33480578271028,1.792786214953271,1.3200569509345794,3.863427278037383
2776,00:01:55.721,0.8409770321398785,2.435723325545171,14.885550525700934,1.5482257593457944,1.596597546728972,4.162346670560748
2777,00:01:55.763,1.1518878147043408,2.981758664330218,15.760623539719626,1.8173189252336448,1.9813084112149533,5.146648656542056
2778,00:01:55.805,0.969095662666756,2.814641744548286,13.321590245327103,1.7860689252336448,1.856016355140187,4.801839953271028
2779,00:01:55.847,0.9418010041670146,2.778548481308411,14.401467581775702,1.7745327102803738,1.8455388434579438,4.715573890186916
2780,00:01:55.888,1.2669226757264886,3.4215707749221185,16.849810163551403,2.1034243574766354,2.292457651869159,5.868830315420561
2781,00:01:55.930,0.905470026405259,2.583029108255452,15.17413843457944,1.569436331775701,1.7233133761682242,4.45633761682243
2782,00:01:55.972,0.9161494473030488,2.626557632398754,12.790960864485982,1.8072429906542056,1.609557535046729,4.462872371495327
2783,00:01:56.013,1.0009722135475894,2.584099980529595,12.316187207943925,1.3241092289719627,1.7343019859813085,4.693888726635514
2784,00:01:56.055,0.21583902707589547,2.8791131230529596,14.615581191588785,2.152854848130841,1.7886974299065421,4.695787091121495
2785,00:01:56.097,0.13732206221320759,2.2376606308411215,14.913478387850468,2.07673773364486,0.989522488317757,3.6467216705607477
2786,00:01:56.138,5.68000195728968,45.908355237538935,105.11116384345794,13.449364778037383,46.54464807242991,77.73105286214954
2787,00:01:56.180,0.7339270575272789,13.808362538940807,30.65548335280374,6.082943925233645,5.555235105140187,29.786908586448597
2788,00:01:56.222,0.6248675966326539,13.40468019859813,30.68341121495327,5.643216997663552,6.060638142523365,28.510185455607477
2789,00:01:56.264,1.0812507844581414,13.706714855919003,28.607440128504674,5.884747371495327,6.305855724299065,28.929541471962615
2790,00:01:56.305,1.0122885045861203,12.384698695482866,28.570202978971963,5.725832359813084,4.931476343457944,26.49678738317757
2791,00:01:56.347,0.9110826070153176,11.109143788940811,25.814653913551403,5.21553738317757,5.625803154205608,22.486090829439252
2792,00:01:56.389,0.8824190721819924,10.716888142523365,26.20564398364486,5.3593019859813085,4.764201226635514,22.02716121495327
2793,00:01:56.430,1.043235334373836,11.965074961059189,23.56180636682243,5.572721962616822,5.489851051401869,24.83265186915888
2794,00:01:56.472,1.1650632518834823,13.120667834890966,29.361492406542055,6.138288551401869,5.287273656542056,27.936441296728972
2795,00:01:56.514,0.8938492334990449,10.93010124610592,24.52066296728972,4.947101343457944,4.76285046728972,23.080351927570092
2796,00:01:56.555,0.9628957310070508,11.434993185358257,24.650992990654206,5.408257885514018,3.650737441588785,25.245984228971963
2797,00:01:56.597,1.1706819644992181,12.391768886292835,26.373211156542055,5.884528329439252,3.8982184579439254,27.392559871495326
2798,00:01:56.639,1.0924393232000245,11.05998101635514,25.17231308411215,5.65694363317757,3.2481746495327104,24.27482476635514
2799,00:01:56.681,0.900128362291895,8.91526723130841,20.806257301401867,4.837288259345795,2.7389018691588785,19.16961156542056
2800,00:01:56.722,0.8473421658534251,7.754429517133957,18.841997663551403,4.281286507009346,2.5842946845794392,16.397707359813083
2801,00:01:56.764,1.0057491228995514,8.411580023364488,17.4735324182243,4.614960572429907,2.9138434579439254,17.705936039719628
2802,00:01:56.806,1.006795095486855,8.219066394080997,14.987952686915888,4.464369158878505,3.1095940420560746,17.083235981308412
2803,00:01:56.847,1.0391764023262235,8.56522585669782,15.220684871495328,4.519421728971962,3.7635441004672896,17.412711740654206
2804,00:01:56.889,0.9295653896466616,7.923140576323988,11.813485689252337,3.961120035046729,3.890807535046729,15.917494158878505
2805,00:01:56.931,0.9775305040087752,8.415498442367602,12.576847254672897,4.109959112149533,4.541617990654205,16.594918224299064
2806,00:01:56.972,1.0544191827204328,8.894166179906543,14.848313376168225,4.234411507009346,4.7539792640186915,17.694107768691588
2807,00:01:57.014,1.0297331881842362,9.053215050623054,15.397561331775702,4.181111273364486,5.081812207943925,17.896721670560748
2808,00:01:57.056,0.8932074100980746,8.348678446261681,16.077139310747665,3.7690931658878504,4.414099007009346,16.86284316588785
2809,00:01:57.098,1.01534051632285,9.508883372274143,15.406870619158878,4.336266063084112,5.328453563084112,18.861930490654206
2810,00:01:57.139,1.02781038261001,9.931147780373832,17.50146028037383,4.165376752336448,6.035740362149533,19.592326226635514
2811,00:01:57.181,0.9731336041146286,10.127823208722742,17.985543224299064,4.4070166471962615,6.791910046728972,19.18454293224299
2812,00:01:57.223,0.9980286624058746,10.66434238707165,18.255512558411215,4.302132009345795,7.246641355140187,20.444253796728972
2813,00:01:57.264,1.0549115178300925,11.52536020249221,15.43479848130841,4.5389894859813085,8.434396904205608,21.60269421728972
2814,00:01:57.306,0.9987198231880026,11.157296534267914,17.27803738317757,4.6296728971962615,7.453782126168225,21.388434579439252
2815,00:01:57.348,1.0378682365483238,11.752251265576325,14.606271904205608,4.651942172897196,8.925197137850468,21.679614485981308
2816,00:01:57.389,0.9096327203420388,10.744438765576325,13.740508177570094,3.9606819509345796,8.789646612149532,19.48298773364486
2817,00:01:57.431,0.999056173916028,11.866712908878505,12.64201226635514,4.350503796728972,9.743246203271028,21.506388726635514
2818,00:01:57.473,1.059141660220308,12.471110786604363,16.13299503504673,4.550817757009346,9.976599007009346,22.885915595794394
2819,00:01:57.515,1.0325292588036843,12.543893594236758,15.267231308411215,4.736857476635514,10.304760514018692,22.590062792056074
2820,00:01:57.556,0.9812208614440576,11.943888726635514,14.82969480140187,4.581556658878505,9.77891355140187,21.47119596962617
2821,00:01:57.598,1.0563706644324906,12.313108450155765,16.756717289719628,4.813777745327103,10.088785046728972,22.036762558411215
2822,00:01:57.640,0.9966710629060761,11.361796631619939,14.13149824766355,4.664391063084112,9.219808703271028,20.201190128504674
2823,00:01:57.681,0.9491303582306105,10.774617893302183,15.527891355140186,4.5664792640186915,8.707870911214954,19.0495035046729
2824,00:01:57.723,0.9793013891077776,10.567367601246106,13.237806658878505,4.142815420560748,8.529351635514018,19.02993574766355
2825,00:01:57.765,1.0775255403929986,11.166106892523365,14.922787675233645,4.338858060747664,9.117662091121495,20.041800525700936
2826,00:01:57.807,0.9201646174653954,9.860360689252337,14.531797605140186,4.2397415303738315,7.506863317757009,17.83447721962617
2827,00:01:57.848,0.9593196949197815,10.248576226635514,14.643509053738319,4.293078271028038,7.7578125,18.694837908878505
2828,00:01:57.890,1.0275727715756398,10.881413064641743,12.576847254672897,4.019677278037383,9.05311769859813,19.57144421728972
2829,00:01:57.932,0.9883456435950762,10.824802862149532,12.14862003504673,3.960572429906542,9.128942757009346,19.38489339953271
2830,00:01:57.973,1.0745774575540257,11.423992406542055,12.399970794392523,4.339259637850467,9.368793808411215,20.563923773364486
2831,00:01:58.015,1.0475294709220615,11.255804614485982,11.06874269859813,4.063814252336448,9.17596378504673,20.527635806074766
2832,00:01:58.057,0.8716040228611739,9.56257301401869,11.096670560747663,3.6953490070093458,8.004672897196262,16.987697137850468
2833,00:01:58.098,1.116680369292613,11.169015284267914,11.292165595794392,4.479483060747664,9.07100613317757,19.956556658878505
2834,00:01:58.140,1.0035891622996196,10.036129770249222,13.209878796728972,4.273035922897196,7.331155081775701,18.504198306074766
2835,00:01:58.182,0.8863863474600637,9.153414622274143,11.552825642523365,3.5531907126168223,7.023693049065421,16.883360105140188
2836,00:01:58.224,1.0665407618056653,10.115946261682241,11.76693925233645,4.1857476635514015,7.418443341121495,18.74364778037383
2837,00:01:58.265,1.0471624043258394,9.985567562305297,11.636609228971963,4.00277453271028,7.703015478971962,18.250912675233646
2838,00:01:58.307,0.8959006429065234,8.764164719626168,12.437207943925234,3.392778913551402,6.722291179906542,16.17742406542056
2839,00:01:58.349,1.1173096902391544,10.10981308411215,12.669940128504672,4.18176839953271,7.899459696261682,18.248211156542055
2840,00:01:58.390,0.9806927539955255,8.918747566199377,12.176547897196262,3.607221086448598,6.755512558411215,16.393509053738317
2841,00:01:58.432,0.8981795243608334,8.524934287383177,11.06874269859813,3.217508761682243,6.649532710280374,15.707761390186915
2842,00:01:58.474,0.9988938951677977,8.978424357476635,14.010477511682243,4.210499415887851,6.250511098130841,16.474262558411215
2843,00:01:58.515,1.1353868587415654,9.958406347352025,12.60477511682243,4.092545268691588,7.776686623831775,18.00598714953271
2844,00:01:58.557,0.9362432917828003,8.551377531152648,11.30147488317757,3.340938960280374,6.996531834112149,15.31666179906542
2845,00:01:58.599,1.0547093667064213,9.02901090342679,11.348021320093459,3.9549868574766354,7.274459696261682,15.857586156542055
2846,00:01:58.641,1.115540354290168,8.569010416666666,9.839916764018692,3.5359594042056073,6.780154789719626,15.390917056074766
2847,00:01:58.682,0.887902995311601,7.16385562694704,11.37594918224299,2.748247663551402,5.683119158878505,13.060200058411215
2848,00:01:58.724,0.7749409693442603,5.981709988317757,14.233900408878505,3.4150481892523366,3.458382009345794,11.07169976635514
2849,00:01:58.766,1.294656792897773,8.693414135514018,12.576847254672897,3.805235105140187,7.106527453271028,15.168479848130842
2850,00:01:58.807,0.8763074145279626,6.449413454049844,10.296071845794392,2.741822429906542,5.056622371495327,11.549795560747663
2851,00:01:58.849,0.9377473394259784,7.264383761682244,11.60868136682243,3.5780884929906542,5.195349007009346,13.01971378504673
2852,00:01:58.891,1.0379412021050796,7.499537577881619,10.510185455607477,3.143874123831776,5.800890771028038,13.553847838785046
2853,00:01:58.932,1.17477897616956,8.344163746105918,9.709586740654206,3.2225467289719627,6.809506425233645,15.00043808411215
2854,00:01:58.974,0.9395755401813385,6.843628309968847,11.329402745327103,3.159499123831776,5.251496787383178,12.11988901869159
2855,00:01:59.016,0.9520923412799103,6.803458430685358,11.617990654205608,3.311441296728972,4.791873539719626,12.307060455607477
2856,00:01:59.058,0.978087004380031,6.487818827881621,10.435711156542055,2.8385294976635516,4.8711667640186915,11.753760221962617
2857,00:01:59.099,1.087696001502287,6.907576421339563,13.74981746495327,3.132155373831776,4.9720356308411215,12.618538259345794
2858,00:01:59.141,0.9610874521106996,5.9780227803738315,10.026102511682243,3.03376898364486,3.8589369158878504,11.041362441588785
2859,00:01:59.183,1.053890036911557,6.13329926012461,10.370546144859814,2.699583820093458,4.451482184579439,11.248831775700934
2860,00:01:59.224,1.0065863034643614,5.3515503309968855,10.910484813084112,2.8827759929906542,3.3758761682242993,9.795998831775702
2861,00:01:59.266,0.9865376349719075,5.04155714563863,9.877153913551401,2.733170268691589,3.142231308411215,9.249269859813085
2862,00:01:59.308,0.864075504448374,4.113256911993769,8.936915887850468,2.404242114485981,2.430746203271028,7.504782418224299
2863,00:01:59.349,1.1921436129226466,4.84331191588785,11.84141355140187,3.4374634929906542,2.372517523364486,8.71995473130841
2864,00:01:59.391,0.8905126640458729,3.8047726830218074,10.398474007009346,2.311149240654206,2.0825058411214954,7.02066296728972
2865,00:01:59.433,0.7121123556454287,3.2911799065420557,9.23481308411215,2.1045925817757007,1.6989632009345794,6.069983936915888
2866,00:01:59.475,1.1507275943660504,4.842508761682243,11.208382009345794,2.641026577102804,3.1453709112149535,8.741128796728972
2867,00:01:59.516,1.1198023170740854,4.996264116043613,11.68315566588785,2.5439909462616823,3.2525919976635516,9.192209404205608
2868,00:01:59.558,1.009167728765789,4.740642036604362,10.323999707943925,2.115216121495327,3.088639018691589,9.018070969626168
2869,00:01:59.600,1.0470168551957217,4.972619742990655,10.19366968457944,2.1363901869158877,3.6340902453271027,9.147378796728972
2870,00:01:59.641,0.7325776136240155,3.978911117601246,9.486163843457945,2.0560017523364484,2.4755403037383177,7.405191296728972
2871,00:01:59.683,0.9790761140822978,5.281469042056075,13.172641647196262,2.283221378504673,3.7783659462616823,9.78281980140187
2872,00:01:59.725,1.3189148200895033,6.730809482087227,12.18585718457944,2.6339807242990654,5.3756206191588785,12.182827102803738
2873,00:01:59.766,1.084643109631621,5.895018010124612,10.733608352803738,2.6390551985981308,4.5031396028037385,10.542859228971963
2874,00:01:59.808,0.9674853638793194,5.257775992990655,11.282856308411215,2.1000657126168223,3.985433703271028,9.687828563084112
2875,00:01:59.850,0.8949521479806641,4.469881717289719,10.826701226635514,2.1211302570093458,3.0257739485981308,8.262740946261681
2876,00:01:59.892,1.044245558951421,4.642194801401869,13.340208820093459,2.119742990654206,3.466742114485981,8.34009929906542
2877,00:01:59.933,None,4.1832043419003115,12.688558703271028,1.9419903621495327,3.0439909462616823,7.56363171728972
2878,00:01:59.975,None,3.8711424260124603,13.005074474299066,1.8975248247663552,2.476014894859813,7.239887558411215
